{
    "$schema": "https://schema.management.azure.com/schemas/2019-04-01/deploymentTemplate.json#",
    "contentVersion": "1.0.0.0",
    "parameters": {
        "_artifactsLocation": {
            "type": "string"
        },
        "_artifactsLocationSasToken": {
            "type": "securestring"
        }
    },
    "functions": [
    ],
    "variables": {
    },
    "resources": [
        {
            "type": "Microsoft.Resources/deployments",
            "apiVersion": "2019-10-01",
            "name": "linkedTemplate-StorageAccount",
            "properties": {
                "mode": "Incremental",
                "templateLink": {
                    "uri": "[concat(parameters('_artifactsLocation'), '/storageAccount.json', parameters('_artifactsLocationSasToken'))]",
                    "contentVersion": "1.0.0.0"
                },
                "parametersLink": {
                    "uri": "[concat(parameters('_artifactsLocation'), '/storageAccount.parameters.json', parameters('_artifactsLocationSasToken'))]",                    
                    "contentVersion": "1.0.0.0"
                }
            }
        }
    ],
    "outputs": {
    }
}