{
    "$schema": "https://schema.management.azure.com/schemas/2019-04-01/deploymentTemplate.json#",
    "contentVersion": "1.0.0.0",
    "parameters": {
        "vmParameters": {
            "type": "object"
        }
    },
    "functions": [],
    "variables": {
        //"storageId": "[resourceId('Microsoft.Storage/storageAccounts',parameters('storageAccountName'))]"
    },
    "resources": [
        {
            "type": "Microsoft.Compute/virtualMachines",
            "apiVersion": "2018-10-01",
            "name": "[parameters('vmParameters').vmName]",
            "location": "[parameters('vmParameters').vmLocation]",
            "tags": "[parameters('vmParameters').vmTags]",
            "dependsOn": [
               // "[resourceId('Microsoft.Network/privateEndpoints', parameters('privateEndpointName'))]",
                //"[resourceId('Microsoft.Network/networkInterfaces', parameters('nicName'))]"
                //"[parameters('vmParameters').vmNicId]"                 
            ],
            "properties": {
                "hardwareProfile": {
                    "vmSize": "[parameters('vmParameters').vmSize]"
                },
                "osProfile": {
                    "computerName": "[parameters('vmParameters').vmName]",
                    "adminUsername": "[parameters('vmParameters').vmAdminusername]",
                    "adminPassword": "[parameters('vmParameters').vmAdminPassword]"
                },
                "storageProfile": {
                    "imageReference": {
                        "publisher": "MicrosoftWindowsServer",
                        "offer": "WindowsServer",
                        "sku": "[parameters('vmParameters').vmWindowsOsVersion]",
                        "version": "latest"
                    },
                    "osDisk": {
                        "createOption": "FromImage"
                    },
                    "dataDisks": [
                        {
                            "diskSizeGB": 1023,
                            "lun": 0,
                            "createOption": "Empty"
                        }
                    ]
                },
                "networkProfile": {
                    "networkInterfaces": [
                        {
                            "id": "[resourceId(subscription().subscriptionId,resourceGroup().name,'Microsoft.Network/networkInterfaces', parameters('vmParameters').vmNicName)]"
                        }
                    ]
                }//,
                // "diagnosticsProfile": {
                //     "bootDiagnostics": {
                //         "enabled": true,
                //         "storageUri": "[reference(variables('storageId')).primaryEndpoints.blob]"
                //     }
                // }
            }
        }
    ],
    "outputs": {}
}