{
    "$schema": "https://schema.management.azure.com/schemas/2019-04-01/deploymentParameters.json#",
    "contentVersion": "1.0.0.0",
    "parameters": {
        "_artifactsLocation": {
            "value": "$null"
        },
        "_artifactsLocationSasToken": {
            "value": "$null"
        },
        "globalResourceGroup": {
            "value": "utilityServers"
        },

        "globalVirtualNetworkName": {
            "value": "vnet-ite-cidas-auea01" 
        },
        "globalTags":{
            "value": {
                "costCenterCode": "2110214",
                "criticality": "Low",
                "resOwner": "Craig Dempsey",
                "resOwnerDepartment": "MSH Architecture & Security",
                "resOwnerEmail": "craig.dempsey@health.qld.gov.au",
                "resOwnerPhone": "0731769082",
                "resOwnerPosition": "Senior Technical Architect",
                "system": "CIDAS Management",
                "deploymentMethod": "ARM Template"
            }
        },
        "asgComments": {
            "value": "The ASG for the utilityServers."
        },
        "asgName": {
            "value": "asgCidasUtilityServers"
        },

        "nicName": {
            "value": "mshcidas-au01nic"
        },
        "nicSubnetName": {
            "value": "private-ite-cidas-auea01"
        },
        "nicTags":{
            "value": {
                "costCenterCode": "2110214",
                "criticality": "Low",
                "resOwner": "Craig Dempsey",
                "resOwnerDepartment": "MSH Architecture & Security",
                "resOwnerEmail": "craig.dempsey@health.qld.gov.au",
                "resOwnerPhone": "0731769082",
                "resOwnerPosition": "Senior Technical Architect",
                "system": "CIDAS Management",
                "deploymentMethod": "ARM Template"
            }
        },
        "pvePrivateEndpointName": {
            "value": "mshcidas-au01"
          },
        "pveSubnetId": {
            "value": "/subscriptions/db3e6bf2-9073-4d91-b5ea-62d03c109152/resourceGroups/zVnet-auea/providers/Microsoft.Network/virtualNetworks/vnet-ite-cidas-auea01/subnets/endpoints-ite-cidas-auea01"
        },
        "pveTargetSubResource": {
        "value": "blob"
        },
        "scrUserManagedIdentityId": {
            "value": "/subscriptions/db3e6bf2-9073-4d91-b5ea-62d03c109152/resourceGroups/armTemplates/providers/Microsoft.ManagedIdentity/userAssignedIdentities/mshCidasUmi01"
        },
        "storageAccessTier": {
            "value": "Hot"
        },
        "storageAccountKind":{
            "value": "StorageV2"
        },
        "storageAccountName": {
            "value": "mshcidasau01logs"
        },
        "storageAccountReplication":{
            "value": "Standard_LRS"
        },
        "storageAccountTier": {
            "value": "Standard"
        },
        "storageAdvancedThreatProtectionEnabled": {
            "value": true
        },
        "storageContainerName":{
            "value": "logs"
        },
        "vmAdminUsername": {
            "value": "MrBigglesWorth"
        },
        "vmAdminPassword": {
            "value": "SuperSecretSquirrel01"
        },
        "vmName": {
            "value": "mshcidas-au01"
        },
        "vmWindowsOsVersion": {
            "value": "2019-Datacenter"
        },
        "vmSize": {
            "value": "Standard_D2_v3"
        },
        "vmTags": {
            "value":{
                "costCenterCode": "2110214",
                "criticality": "Low",
                "resOwner": "Craig Dempsey",
                "resOwnerDepartment": "MSH Architecture & Security",
                "resOwnerEmail": "craig.dempsey@health.qld.gov.au",
                "resOwnerPhone": "0731769082",
                "resOwnerPosition": "Senior Technical Architect",
                "system": "CIDAS Testing",
                "deploymentMethod": "ARM Template"
            }
        }
    }
}
