{
    "$schema": "https://schema.management.azure.com/schemas/2019-04-01/deploymentTemplate.json#",
    "contentVersion": "1.0.0.0",
    "parameters": {
        "_artifactsLocation": {
            "type": "string"
        },
        "_artifactsLocationSasToken": {
            "type": "securestring"
        },
        "globalResourceGroup": {
            "type": "string",
            "metadata": {
                "description": "The resource group for this entire deployment."
            }
        },
        "globalVirtualNetworkName": {
            "type": "string",
            "metadata": {
                "description": "The name of the vNet the NIC will attach too."
            }
        },
        "globalTags": {
            "type": "object",
            "metadata": {
                "description": "Tags that aren't resource specifc."
            }
        },
        "asgName": {
            "type": "string",
            "metadata": {
                "description": "The name of the ASG."
            }
        },
        "asgComments": {
            "type": "string",
            "metadata": {
                "description": "The comments field for the ASG."
            }
        },
        "nicName": {
            "type": "string",
            "metadata": {
                "description": "The name of the NIC."
            } 
        },

        "nicSubnetName": {
            "type": "string",
            "metadata": {
                "description": "The Subnet Name."
            }
        },

        "nicTags": {
            "type": "object",
            "metadata": {
                "description": "Tags for the network interface."
            }
        },

        "pvePrivateEndpointName": {
            "type": "string",
            "metadata": {
                "description": "The name of the Private Endpoint used for the Storage Account."
            }
        },
        "pveSubnetId": {
            "type": "string",
            "metadata": {
                "description": "The Subnet Resource ID."
            }
        },
        "pveTargetSubResource": {
            "type": "string",
            "allowedValues": [ 
                "blob",
                "table",
                "queue",
                "file",
                "web",
                "dfs"
            ],
            "defaultValue": "blob",
            "metadata": {
                "description": "The ID(s) of the group(s) obtained from the remote resource that this private endpoint should connect to. - string"
            }
        },

        "scrUserManagedIdentityId": {
            "type": "string",
            "metadata": {
                "description": "The User Managed ID used for the Script Deployment resource."
            }
        },
        "storageAccessTier": {
            "type": "string",
            "defaultValue": "Hot",
            "allowedValues": [
                "Hot",
                "Cool"
            ],
            "metadata": {
                "description": "Required for storage accounts where kind = BlobStorage. The access tier used for billing. - Hot or Cool"
            }
        },
        "storageAccountKind": {
            "type": "string",
            "defaultValue": "StorageV2",
            "allowedValues": [
                "StorageV2",
                "Storage"
            ],
            "metadata": {
                "description": "Storage account type, for more info see 'https://docs.microsoft.com/en-us/azure/storage/common/storage-account-overview'."
            }
        },
        "storageAccountName": {
            "type": "string",
            "defaultValue": "[concat('mshcidas', uniqueString(resourceGroup().id))]",
            "minLength": 3,
            "maxLength": 24,
            "metadata": {
                "description": "The name must be unique across all existing storage account names in Azure. It must be 3 to 24 characters long, and can contain only lowercase letters and numbers."
            }
        },
        "storageAccountReplication": {
            "type": "string",
            "defaultValue": "Standard_LRS",
            "allowedValues": [
                "Standard_LRS",
                "Standard_GRS",
                "Standard_ZRS",
                "Premium_LRS"
            ]
        },
        "storageAccountTier": {
            "type": "string",
            "defaultValue": "Standard",
            "allowedValues": [
                "Standard",
                "Premium"
            ]
        },
        "storageAdvancedThreatProtectionEnabled": {
            "type": "bool",
            "defaultValue": true,
            "metadata": {
                "description": "Enable or disable Advanced Threat Protection."
            }
        },
        "storageContainerName": {
            "type": "string",
            "defaultValue": "logs",
            "metadata": {
                "description": "Specifies the name of the blob container."
            }
        },
        "vmAdminUsername": {
            "type": "string",
            "metadata": {
                "description": "Username for the Virtual Machine."
            }
        },
        "vmAdminPassword": {
            "type": "securestring",
            "metadata": {
                "description": "Password for the Virtual Machine."
            }
        },
        "vmLocation": {
            "type": "string",
            "defaultValue": "[resourceGroup().location]",
            "metadata": {
                "description": "Location for the VM resource."
            }
        },
        "vmName": {
            "type": "string",
            "defaultValue": "[concat('mshcidas',uniqueString(utcNow()))]",
            "minLength": 5,
            "maxLength": 15,
            "metadata": {
                "description": "Name of the VM, duh...?"
            }
        },
        "vmSize": {
            "type": "string",
            "defaultValue": "Standard_D2_v3",
            "metadata": {
                "description": "Size of the virtual machine."
            }
        },
        "vmWindowsOsVersion": {
            "type": "string",
            "defaultValue": "2016-Datacenter",
            "allowedValues": [
                "2008-R2-SP1",
                "2012-Datacenter",
                "2012-R2-Datacenter",
                "2016-Nano-Server",
                "2016-Datacenter-with-Containers",
                "2016-Datacenter",
                "2019-Datacenter"
            ],
            "metadata": {
                "description": "The Windows version for the VM. This will pick a fully patched image of this given Windows version."
            }
        },
        "vmTags": {
            "type": "object",
            "metadata": {
                "description": "Tags for the VM."
            }
        }        
    },
    "functions": [
    ],
    "variables":{
    },
    "resources": [
        {
            "type": "Microsoft.Resources/deployments",
            "apiVersion": "2019-10-01",
            "name": "linkedTemplate-storageAccount",
            "resourceGroup": "[parameters('globalResourceGroup')]",
            "properties": {
                "mode": "Incremental",
                "templateLink": {
                    "uri": "[concat(parameters('_artifactsLocation'), '/storageAccount/azuredeploy.json', parameters('_artifactsLocationSasToken'))]",
                    "contentVersion": "1.0.0.0"
                },
                "parameters": {
                    "storageParameters": {    
                        "value": {
                            "storageAccessTier": "[parameters('storageAccessTier')]",
                            "storageAccountKind": "[parameters('storageAccountKind')]",
                            "storageAccountName": "[parameters('storageAccountName')]",
                            "storageAccountReplication": "[parameters('storageAccountReplication')]",
                            "storageAccountTier": "[parameters('storageAccountTier')]",
                            "storageAdvancedThreatProtectionEnabled": "[parameters('storageAdvancedThreatProtectionEnabled')]",
                            "storageContainerName": "[parameters('storageContainerName')]",
                            "storageTags": "[parameters('globalTags')]"
                        }
                    }
                }
            }
        },
        {
            "type": "Microsoft.Resources/deployments",
            "apiVersion": "2019-10-01",
            "name": "linkedTemplate-privateEndpoint",
            "resourceGroup": "[parameters('globalResourceGroup')]",
            "dependsOn":[
                "linkedTemplate-storageAccount"
            ],
            "properties": {
                "mode": "Incremental",
                "templateLink": {
                    "uri": "[concat(parameters('_artifactsLocation'), '/privateEndpoint/azuredeploy.json', parameters('_artifactsLocationSasToken'))]",
                    "contentVersion": "1.0.0.0"
                },
                "parameters":{
                    "pveParameters": {
                        "value":{
                            "pvePrivateEndpointName": "[parameters('pvePrivateEndpointName')]",
                            "pveResourceGroup": "[parameters('globalResourceGroup')]",
                            "pveStorageAccountName": "[parameters('storageAccountName')]",
                            "pveSubnetId": "[parameters('pveSubnetId')]",
                            "pveTags": "[parameters('globalTags')]",
                            "pveTargetSubResource": "[parameters('pveTargetSubResource')]",
                            "pveVirtualNetworkName":"[parameters('globalVirtualNetworkName')]"
                        }
                    }
                }
            }
        },
        {
            "type": "Microsoft.Resources/deployments",
            "apiVersion": "2019-10-01",
            "name": "linkedTemplate-scriptDeployment",
            "dependsOn":[
                "linkedTemplate-storageAccount"
            ],
            "properties": {
                "mode": "Incremental",
                "templateLink": {
                    "uri": "[concat(parameters('_artifactsLocation'), '/deploymentScripts/azuredeploy.json', parameters('_artifactsLocationSasToken'))]",
                    "contentVersion": "1.0.0.0"
                },
                "parameters": {
                    "scrParameters": {
                        "value": {
                            "scrUserManagedIdentityId":"[parameters('scrUserManagedIdentityId')]",
                            "scrStorageAccountName": "[parameters('storageAccountName')]",
                            "scrTags":"[parameters('globalTags')]"
                        }
                    }
                }
            }
        },
        {
            "type": "Microsoft.Resources/deployments",
            "apiVersion": "2019-10-01",
            "name": "linkedTemplate-AsgDeployment",
            "resourceGroup": "[parameters('globalResourceGroup')]",
            "properties": {
                "mode": "Incremental",
                "templateLink": {
                    "uri": "[concat(parameters('_artifactsLocation'), '/applicationSecurityGroup/azuredeploy.json', parameters('_artifactsLocationSasToken'))]",
                    "contentVersion": "1.0.0.0"
                },
                "parameters": {
                    "asgParameters": {
                        "value": {
                            "asgComments": "[parameters('asgComments')]",
                            "asgName": "[parameters('asgName')]",
                            "asgTags": "[parameters('globalTags')]"
                        }
                    }
                }
            }
        },
        {
            "type": "Microsoft.Resources/deployments",
            "apiVersion": "2019-10-01",
            "name": "linkedTemplate-networkInterface",
            "resourceGroup": "[parameters('globalResourceGroup')]",
            "properties": {
                "mode": "Incremental",
                "dependsOn": [
                ],
                "templateLink": {
                    "uri": "[concat(parameters('_artifactsLocation'), '/networkInterface/azuredeploy.json', parameters('_artifactsLocationSasToken'))]",
                    "contentVersion": "1.0.0.0"
                },
                "parameters": {
                    "nicParameters": {
                        "value": {
                            "nicName": "[parameters('nicName')]",
                            "nicSubnet": "[parameters('nicSubnetName')]",
                            "nicTags": "[parameters('nicTags')]",
                            "nicVirtualNetworkName": "[parameters('globalVirtualNetworkName')]"
                        }
                    }
                }
            }
        },
        {
            "type": "Microsoft.Resources/deployments",
            "apiVersion": "2019-10-01",
            "name": "linkedTemplate-virutalMachine",
            "resourceGroup": "[parameters('globalResourceGroup')]",
            "properties": {
                "mode": "Incremental",
                "dependsOn": [
                ],
                "templateLink": {
                    "uri": "[concat(parameters('_artifactsLocation'), '/virtualMachine/azuredeploy.json', parameters('_artifactsLocationSasToken'))]",
                    "contentVersion": "1.0.0.0"
                },
                "parameters": {
                    "vmParameters": {
                        "value": {
                            "vmNicId": "[reference('linkedTemplate-networkInterface').outputs.nicId.value]",
                            "vmAdminUsername": "[parameters('vmAdminUsername')]",
                            "vmAdminPassword": "[parameters('vmAdminPassword')]",
                            "vmLocation": "[resourceGroup().location]",
                            "vmName": "[parameters('vmName')]",
                            "vmNicName": "[parameters('nicName')]",
                            "vmSize": "[parameters('vmSize')]",
                            "vmTags": "[parameters('vmTags')]",
                            "vmWindowsOsVersion": "[parameters('vmWindowsOsVersion')]"
                        }
                    }           
                }
            }
        }
    ],
    "outputs": {
        "StorageAccountName": {
            "type": "string",
            "value": "[reference('linkedTemplate-storageAccount').outputs.StorageAccountName.value]"
        }
    }
}