{
    // TODO: Application & Connection Strings
    // TODO: Authentication & Authorization
    // TODO: Idenity - Turn on System Assigned Identity and register with Azure AD.
    // TODO: Backups - Configure Azure Backups for the App
    // TODO: Custom Domain
    // TODO: Set SSL Settings
    // TODO: Cors??
    // TODO: Diagnostic Settings??
    // TODO: Configure App Service Logs
    // TODO: Web App Slots
    // TODO: Networking - Access Restrictions
    // TODO: Networking - Private Endpoint
    "$schema": "https://schema.management.azure.com/schemas/2019-04-01/deploymentTemplate.json#",
    "contentVersion": "1.0.0.0",
    "parameters": {
        "webParameters":{
            "type": "object"
        }
    },
    "functions": [],
    "variables": {},
    "resources": [
        {
            "type": "Microsoft.Web/sites",
            "name": "[parameters('webParameters').webName]",
            "apiVersion": "2020-06-01",
            "location": "[resourceGroup().location]",
            "tags": "[parameters('webParameters').globalTags]",
            "properties": {
                "name": "[parameters('webParameters').webName]",
                "clientAffinityEnabled": false,
                "siteConfig": {
                    "appSettings":[],
                    "linuxFxVersion":"[parameters('webParameters').webLinuxFxVersion]",
                    "alwaysOn": "[parameters('webParameters').webAlwaysOn]"
                },
                "serverFarmId": "[parameters('webParameters').webAspId]"
                //"serverFarmId": "[concat('/subscriptions/', parameters('subscriptionId'),'/resourcegroups/', parameters('serverFarmResourceGroup'), '/providers/Microsoft.Web/serverfarms/', parameters('hostingPlanName'))]"
            }
        }
    ],
    "outputs": {
        "webAppId": {
            "type": "string",
            "value": "[resourceId('Microsoft.Web/sites', parameters('webParameters').webName)]"
        }
    }
}