{
    "$schema": "https://schema.management.azure.com/schemas/2019-04-01/deploymentParameters.json#",
    "contentVersion": "1.0.0.0",
    "parameters": {
        "existingLocalVirtualNetworkName": {
            "value": "" // TODO: Fill in parameter value
        },
        "existingRemoteVirtualNetworkName": {
            "value": "" // TODO: Fill in parameter value
        },
        "existingRemoteVirtualNetworkResourceGroupName": {
            "value": "" // TODO: Fill in parameter value
        },
        "location": {
            "value": "" // TODO: Fill in parameter value
        }
    }
}