{
  "$schema": "https://schema.management.azure.com/schemas/2019-04-01/deploymentTemplate.json#",
  "contentVersion": "1.0.0.0",
  "parameters": {
    "existingLocalVirtualNetworkName": {
      "type": "string",
      "metadata": {
        "description": "Set the local VNet name"
      }
    },
    "existingRemoteVirtualNetworkName": {
      "type": "string",
      "metadata": {
        "description": "Set the remote VNet name"
      }
    },
    "existingRemoteVirtualNetworkResourceGroupName": {
      "type": "string",
      "metadata": {
        "description": "Sets the remote VNet Resource group"
      }
    },
    "location": {
      "type": "string",
      "defaultValue": "[resourceGroup().location]",
      "metadata": {
        "description": "Location for all resources."
      }
    }
  },
  "variables": { },
  "resources": [
    {
      "apiVersion": "2019-11-01",
      "type": "Microsoft.Network/virtualNetworks/virtualNetworkPeerings",
      "name": "[concat(parameters('existingLocalVirtualNetworkName'), '/peering-to-remote-vnet')]",
      "location": "[parameters('location')]",
      "properties": {
        "allowVirtualNetworkAccess": true,
        "allowForwardedTraffic": false,
        "allowGatewayTransit": false,
        "useRemoteGateways": false,
        "remoteVirtualNetwork": {
          "id": "[resourceId(parameters('existingRemoteVirtualNetworkResourceGroupName'), 'Microsoft.Network/virtualNetworks', parameters('existingRemoteVirtualNetworkName'))]"
        }
      }
    }
  ]
}