{
    "$schema": "https://schema.management.azure.com/schemas/2019-04-01/deploymentTemplate.json#",
    "contentVersion": "1.0.0.0",
    "parameters": {
        "privateEndpointResourceGroupName": {
            "type": "string",
            "metadata": {
                "description": "The Resource Group name where the private Endpoint will reside."
            }
        },
        "virtualNetworkName": {
            "type": "string",
            "metadata": {
                "description": "The name of the virtual network the private endpoint will be attached too."
            }
        },
        "subnetName": {
            "type": "string",
            "metadata": {
                "description": "The subnet where the Private Endpoint IP address will reside."
            }
        },
        "virtualNetworkResourceGroupName": {
            "type": "string",
            "metadata": {
                "description": "This is the ResourceGroup for where the vNet lies in the Connectivity Subscription."
            }
        },
        "virtualNetworkSubscriptionID": {
            "type": "string",
            "metadata": {
                "description": "This is the subscripiton ID of where the vNet is."
            }
        },
        "privateEndpointName": {
            "type": "string",
            "metadata": {
                "descripiton": "The name of the Private Endpoint used for the Storage Account."
            }
        },
        "targetSubResource": {
            "type": "string",
            "allowedValues": [
                "blob",
                "table",
                "queue",
                "file",
                "web",
                "dfs"
            ],
            "defaultValue": "blob",
            "metadata": {
                "description": "The ID(s) of the group(s) obtained from the remote resource that this private endpoint should connect to. - string"
            }
        },
        "storageAccountSubscriptionID": {
            "type": "string"
        },
        "storageAccountName": {
            "type": "string"
        },
        "storageAccountResourceGroupName": {
            "type": "string"
        }
    },
    "functions": [
    ],
    "variables": {
    },
    "resources": [
        {
            "type": "Microsoft.Resources/deployments",
            "apiVersion": "2019-10-01",
            "name": "[concat('linkedTemplate-privateEndpoint-', parameters('privateEndpointName'))]",
            "resourceGroup": "[parameters('privateEndpointResourceGroupName')]",
            "subscriptionId": "[parameters('virtualNetworkSubscriptionID')]",
            "properties": {
                "mode": "Incremental",
                "template": {
                    "$schema": "https://schema.management.azure.com/schemas/2019-04-01/deploymentTemplate.json#",
                    "contentVersion": "1.0.0.0",
                    "parameters": {
                    },
                    "variables": {
                      },
                    "resources": [
                        {
                            "type": "Microsoft.Network/privateEndpoints",
                            "apiVersion": "2019-04-01",
                            "name": "[parameters('privateEndpointName')]",
                            "location": "[resourceGroup().location]",
                            "properties": {
                                "subnet": {
                                    "id": "[resourceid(parameters('virtualNetworkSubscriptionID'),parameters('virtualNetworkResourceGroupName'),'Microsoft.Network/virtualNetworks/subnets', parameters('virtualNetworkName') ,parameters('subnetName'))]"
                                },
                                "privateLinkServiceConnections": [
                                    {
                                        "name": "[parameters('privateEndpointName')]",
                                        "properties": {
                                            //"privateLinkServiceId": "[variables('privateLinkServiceId')]",
                                            //"privateLinkServiceId": "[resourceid(parameters('storageAccountSubscriptionID'),parameters('storageAccountResourceGroupName'),'Microsoft.Storage/storageAccounts',parameters('storageAccountName'))]",
                                            "privateLinkServiceId": "/subscriptions/db3e6bf2-9073-4d91-b5ea-62d03c109152/resourceGroups/armTemplates/providers/Microsoft.Storage/storageAccounts/mshcidasarmtemp01auea",
                                            "groupIds": [
                                                "[parameters('targetSubResource')]"
                                            ]
                                        }
                                    }
                                ]
                            }
                        }
                    ]
                }
            }
        }
    ],
    "outputs": {
    }
}