{
  "$schema": "https://schema.management.azure.com/schemas/2019-04-01/deploymentParameters.json#",
  "contentVersion": "1.0.0.0",
  "parameters": {
    "virtualNetworkName": {
      "value": "vnet-ite-cidas-auea01"
    },
    "subnetName": {
      "value": "endpoints-ite-cidas-auea01"
    },
    "virtualNetworkResourceGroupName": {
      "value": "zvnet-auea"
    },
    "virtualNetworkSubscriptionID": {
      "value": "db3e6bf2-9073-4d91-b5ea-62d03c109152"
    },
    "privateEndpointResourceGroupName": {
      "value": "zPrivateEndpoints-auea"
    },
    "targetSubResource": {
      "value": "blob"
    },
    "privateEndpointName": {
      "value": "mshcidasarmtemp01auea"
    },
    "storageAccountSubscriptionID": {
      "value": "db3e6bf2-9073-4d91-b5ea-62d03c109152"
    },
    "storageAccountName": {
      "value": "mshcidasarmtemp01auea"
    },
    "storageAccountResourceGroupName": {
      "value": "armTemplates"
    }
  }
}
