{
    "$schema": "https://schema.management.azure.com/schemas/2019-04-01/deploymentTemplate.json#",
    "contentVersion": "1.0.0.0",
    "parameters": {
        "nicParameters": {
            "type": "object"
        }
    },
    "functions": [
    ],
    "variables": {
        //"subnetRef": "[resourceId('db3e6bf2-9073-4d91-b5ea-62d03c109152','vnet-auea','Microsoft.Network/virtualNetworks/subnets', parameters('virtualNetworkName'), parameters('subnetName'))]"
        "subnetRef": "/subscriptions/db3e6bf2-9073-4d91-b5ea-62d03c109152/resourceGroups/zVnet-auea/providers/Microsoft.Network/virtualNetworks/vnet-ite-cidas-auea01/subnets/private-ite-cidas-auea01"
    },
    "resources": [
        {
            "type": "Microsoft.Network/networkInterfaces",
            "apiVersion": "2018-11-01",
            "name": "[parameters('nicParameters').nicName]",
            "tags": "[parameters('nicParameters').nicTags]",
            "location": "[resourceGroup().location]",
            "properties": {
                "ipConfigurations": [
                    {
                        "name": "ipconfig1",
                        "properties": {
                            "privateIPAllocationMethod": "Dynamic",
                            "subnet": {
                                "id": "[variables('subnetRef')]"
                            },
                            "primary": true
                        }
                    }
                ]
            }
        }
    ],
    "outputs": {
        "nicId": {
            "type": "string",
            "value": "[resourceId('Microsoft.Network/networkInterfaces/', parameters('nicParameters').nicName)]"
        }
    }
}