{
  "$schema": "https://schema.management.azure.com/schemas/2019-04-01/deploymentTemplate.json#",
  "contentVersion": "1.0.0.0",
  "parameters": {
    "_artifactsLocation": {
      "type": "string",
      "defaultValue": ""
    },
    "_artifactsLocationSasToken": {
      "type": "secureString",
      "defaultValue": ""
    }
  },
  "functions": [],
  "resources": [
    {
      "type": "Microsoft.Resources/deployments",
      "apiVersion": "2019-10-01",
      "name": "storageAccount",
      "properties": {
        "expressionEvaluationOptions": {
          "scope": "inner"
        },
        "mode": "Incremental",
        "parameters": {
          "scrUserManagedIdentityId": {
            "value": "/subscriptions/db3e6bf2-9073-4d91-b5ea-62d03c109152/resourceGroups/armTemplates/providers/Microsoft.ManagedIdentity/userAssignedIdentities/mshCidasUmi01"
          },
          "storageArtifactsLocation": {
            "value": "[parameters('_artifactsLocation')]"
          },
          "storageArtifactsLocationSasToken": {
            "value": "[parameters('_artifactsLocationSasToken')]"
          },
          "storageAccessTier": {
            "value": "Hot"
          },
          "storageAccountKind": {
            "value": "StorageV2"
          },
          "storageAccountName": {
            "value": "mshcidasbiceptest01"
          },
          "storageAccountReplication": {
            "value": "Standard_LRS"
          },
          "storageAccountTier": {
            "value": "Standard"
          },
          "storageAdvancedThreatProtectionEnabled": {
            "value": true
          },
          "storageContainerName": {
            "value": "test"
          }
        },
        "template": {
          "$schema": "https://schema.management.azure.com/schemas/2019-04-01/deploymentTemplate.json#",
          "contentVersion": "1.0.0.0",
          "parameters": {
            "storageArtifactsLocation": {
              "type": "string",
              "metadata": {
                "description": "Storage URI"
              }
            },
            "storageArtifactsLocationSasToken": {
              "type": "string",
              "metadata": {
                "description": "Storage URI SAS Location"
              }
            },
            "globalTags": {
              "type": "object",
              "metadata": {
                "description": "Tags that aren't resource specifc."
              },
              "defaultValue": {
                "costCenterCode": "2110214",
                "criticality": "Low",
                "resOwner": "Craig Dempsey",
                "resOwnerDepartment": "MSH Architecture & Security",
                "resOwnerEmail": "craig.dempsey@health.qld.gov.au",
                "resOwnerPhone": "0731769082",
                "resOwnerPosition": "Senior Technical Architect",
                "system": "CIDAS Management",
                "deploymentMethod": "ARM Template"
              }
            },
            "scrUserManagedIdentityId": {
              "type": "string",
              "metadata": {
                "description": "The User Managed ID used for the Script Deployment resource."
              },
              "defaultValue": "/subscriptions/db3e6bf2-9073-4d91-b5ea-62d03c109152/resourceGroups/armTemplates/providers/Microsoft.ManagedIdentity/userAssignedIdentities/mshCidasUmi01"
            },
            "storageAccountName": {
              "type": "string",
              "minLength": 3,
              "maxLength": 24,
              "metadata": {
                "description": "The name must be unique across all existing storage account names in Azure. It must be 3 to 24 characters long, and can contain only lowercase letters and numbers."
              },
              "defaultValue": "[concat('mshcidas', uniqueString(resourceGroup().id))]"
            },
            "storageAccessTier": {
              "type": "string",
              "metadata": {
                "description": "Required for storage accounts where kind = BlobStorage. The access tier used for billing. - Hot or Cool. https://docs.microsoft.com/en-us/azure/templates/microsoft.storage/2019-06-01/storageaccounts#storageaccountpropertiescreateparameters-object"
              },
              "defaultValue": "Hot",
              "allowedValues": [
                "Hot",
                "Cool"
              ]
            },
            "storageAccountKind": {
              "type": "string",
              "metadata": {
                "description": "Storage account type, for more info see 'https://docs.microsoft.com/en-us/azure/storage/common/storage-account-overview'."
              },
              "defaultValue": "StorageV2",
              "allowedValues": [
                "StorageV2",
                "Storage"
              ]
            },
            "storageAccountReplication": {
              "type": "string",
              "metadata": {
                "description": "Storage account SKU Name. https://docs.microsoft.com/en-us/azure/templates/microsoft.storage/2019-06-01/storageaccounts#sku-object"
              },
              "defaultValue": "Standard_LRS",
              "allowedValues": [
                "Standard_LRS",
                "Standard_GRS",
                "Standard_ZRS",
                "Premium_LRS"
              ]
            },
            "storageAdvancedThreatProtectionEnabled": {
              "type": "bool",
              "metadata": {
                "description": "Enable or disable Advanced Threat Protection."
              },
              "defaultValue": true
            },
            "storageAccountTier": {
              "type": "string",
              "defaultValue": "Standard",
              "allowedValues": [
                "Standard",
                "Premium"
              ]
            },
            "storageContainerName": {
              "type": "string",
              "metadata": {
                "description": "Specifies the name of the blob container."
              },
              "defaultValue": "logs"
            }
          },
          "functions": [],
          "variables": {
            "scriptName_var": "Set-Storage-Logging"
          },
          "resources": [
            {
              "type": "Microsoft.Storage/storageAccounts",
              "apiVersion": "2019-06-01",
              "name": "[parameters('storageAccountName')]",
              "kind": "StorageV2",
              "location": "[resourceGroup().location]",
              "sku": {
                "name": "[parameters('storageAccountReplication')]",
                "tier": "[parameters('storageAccountTier')]"
              },
              "properties": {
                "largeFileSharesState": "Disabled",
                "accessTier": "[parameters('storageAccessTier')]",
                "supportsHttpsTrafficOnly": true,
                "encryption": {
                  "services": {
                    "file": {
                      "keyType": "Account",
                      "enabled": true
                    },
                    "blob": {
                      "keyType": "Account",
                      "enabled": true
                    }
                  },
                  "keySource": "Microsoft.Storage"
                },
                "networkAcls": {
                  "defaultAction": "Deny",
                  "bypass": "AzureServices",
                  "virtualNetworkRules": [],
                  "ipRules": [
                    {
                      "value": "165.86.71.0/24",
                      "action": "Allow"
                    },
                    {
                      "value": "165.86.81.0/24",
                      "action": "Allow"
                    }
                  ]
                }
              }
            },
            {
              "type": "Microsoft.Storage/storageAccounts/providers/advancedThreatProtectionSettings",
              "apiVersion": "2019-01-01",
              "name": "[format('{0}/Microsoft.Security/current', parameters('storageAccountName'))]",
              "properties": {
                "isEnabled": true
              },
              "dependsOn": [
                "[resourceId('Microsoft.Storage/storageAccounts', parameters('storageAccountName'))]"
              ]
            },
            {
              "type": "Microsoft.Storage/storageAccounts/blobServices/containers",
              "apiVersion": "2020-08-01-preview",
              "name": "[format('{0}/default/{1}', parameters('storageAccountName'), parameters('storageContainerName'))]",
              "properties": {
                "publicAccess": "None"
              },
              "dependsOn": [
                "[resourceId('Microsoft.Storage/storageAccounts', parameters('storageAccountName'))]"
              ]
            },
            {
              "type": "Microsoft.Storage/storageAccounts/blobServices/containers/immutabilityPolicies",
              "apiVersion": "2020-08-01-preview",
              "name": "[format('{0}/default/{1}/default', parameters('storageAccountName'), parameters('storageContainerName'))]",
              "properties": {
                "immutabilityPeriodSinceCreationInDays": 90
              },
              "dependsOn": [
                "[resourceId('Microsoft.Storage/storageAccounts', parameters('storageAccountName'))]",
                "[resourceId('Microsoft.Storage/storageAccounts/blobServices/containers', split(format('{0}/default/{1}', parameters('storageAccountName'), parameters('storageContainerName')), '/')[0], split(format('{0}/default/{1}', parameters('storageAccountName'), parameters('storageContainerName')), '/')[1], split(format('{0}/default/{1}', parameters('storageAccountName'), parameters('storageContainerName')), '/')[2])]"
              ]
            },
            {
              "type": "Microsoft.Storage/storageAccounts/blobServices",
              "apiVersion": "2019-06-01",
              "name": "[format('{0}/default', parameters('storageAccountName'))]",
              "properties": {
                "cors": {
                  "corsRules": []
                },
                "deleteRetentionPolicy": {
                  "enabled": true,
                  "days": 30
                }
              },
              "dependsOn": [
                "[resourceId('Microsoft.Storage/storageAccounts', parameters('storageAccountName'))]"
              ]
            },
            {
              "type": "Microsoft.Storage/storageAccounts/fileServices",
              "apiVersion": "2019-06-01",
              "name": "[format('{0}/default', parameters('storageAccountName'))]",
              "properties": {
                "cors": {
                  "corsRules": []
                }
              },
              "dependsOn": [
                "[resourceId('Microsoft.Storage/storageAccounts', parameters('storageAccountName'))]"
              ]
            },
            {
              "type": "Microsoft.Resources/deploymentScripts",
              "apiVersion": "2019-10-01-preview",
              "name": "[variables('scriptName_var')]",
              "tags": "[parameters('globalTags')]",
              "location": "australiaeast",
              "kind": "AzurePowerShell",
              "identity": {
                "type": "UserAssigned",
                "userAssignedIdentities": {
                  "[parameters('scrUserManagedIdentityId')]": {}
                }
              },
              "properties": {
                "azPowerShellVersion": "2.7",
                "primaryScriptUri": "[format('{0}/set-storage-logging.ps1{1}', parameters('storageArtifactsLocation'), parameters('storageArtifactsLocationSasToken'))]",
                "arguments": "[format('-ResourceGroupName {0} -StorageAccountName {1} -Subscriptionid {2}', resourceGroup().name, parameters('storageAccountName'), subscription().subscriptionId)]",
                "timeout": "PT30M",
                "retentionInterval": "P1D",
                "cleanupPreference": "Always"
              },
              "dependsOn": [
                "[resourceId('Microsoft.Storage/storageAccounts', parameters('storageAccountName'))]"
              ]
            }
          ],
          "outputs": {
            "storageAccountId": {
              "type": "string",
              "value": "[resourceId('Microsoft.Storage/storageAccounts', parameters('storageAccountName'))]"
            },
            "userIdentity": {
              "type": "string",
              "value": "[parameters('scrUserManagedIdentityId')]"
            }
          }
        }
      }
    }
  ],
  "outputs": {
    "storageAccountId": {
      "type": "string",
      "value": "[reference(extensionResourceId(resourceGroup().id, 'Microsoft.Resources/deployments', 'storageAccount'), '2019-10-01').outputs.storageAccountId.value]"
    },
    "userIdentity": {
      "type": "string",
      "value": "[reference(extensionResourceId(resourceGroup().id, 'Microsoft.Resources/deployments', 'storageAccount'), '2019-10-01').outputs.userIdentity.value]"
    }
  }
}