{
    "$schema": "https://schema.management.azure.com/schemas/2019-04-01/deploymentTemplate.json#",
    "contentVersion": "1.0.0.0",
    "parameters": {
        "storageAccountName": {
            "type": "string",
            "defaultValue": "[concat('mshcidas', uniqueString(resourceGroup().id))]",
            "minLength":3,
            "maxLength":24,
            "metadata": {
                "description": "The name must be unique across all existing storage account names in Azure. It must be 3 to 24 characters long, and can contain only lowercase letters and numbers."
            }
        },
        "Tags": {
            "type": "object"
        },
        "location": {
            "type": "string",
            "defaultValue": "[resourceGroup().location]",
            "metadata": {
                "description": "Storage account location, default is same as resource group location."
            }
        },
        "storageAccountKind": {
            "type": "string",
            "defaultValue": "StorageV2",
            "allowedValues": [
                "StorageV2",
                "Storage"
            ],
            "metadata": {
                "description": "Storage account type, for more info see 'https://docs.microsoft.com/en-us/azure/storage/common/storage-account-overview'."
            }
        },
        "storageAccountReplication": {
            "type": "string",
            "defaultValue": "Standard_LRS",
            "allowedValues": [
                "Standard_LRS",
                "Standard_GRS",
                "Standard_ZRS",
                "Premium_LRS"
            ]
        },
        "storageAccountTier": {
            "type": "string",
            "defaultValue": "Standard",
            "allowedValues": [
                "Standard",
                "Premium"
            ]
        },
        "storageAccessTier":{
            "type": "string",
            "defaultValue": "Hot",
            "allowedValues": [
                "Hot",
                "Cool"
            ],
            "metadata": {
                "description": "Required for storage accounts where kind = BlobStorage. The access tier used for billing. - Hot or Cool"
            }
        },
        "storageAccountSubscriptionID":{
            "type": "string",
            "defaultValue": "db3e6bf2-9073-4d91-b5ea-62d03c109152",
            "metadata": {
                "description": "The Subscription ID for where the Storage Account will live."
            }
        },
        "advancedThreatProtectionEnabled": {
            "type": "bool",
            "defaultValue": true,
            "metadata": {
                "description": "Enable or disable Advanced Threat Protection."
            }
        },
        "identity": {
            "type": "string"            
        },
        "storageContainerName":{
            "type": "string",
            "defaultValue": "logs",
            "metadata": {
                "description": "Specifies the name of the blob container."
            }            
        },
        "virtualNetworkName": {
            "type": "string",
            "defaultValue": "auea-vnet-ite01",
            "metadata": {
                "description": "The name of the virtual network the private endpoint will be attached too."
            }
        },
        "subnetName": {
            "type": "string",
            "defaultValue": "auea-ite-endpoints",
            "metadata": {
                "description": "The subnet where the Private Endpoint IP address will reside."
            }
        },
        "virtualNetworkResourceGroupName": {
            "type": "string",
            "defaultValue": "vNet",
            "metadata": {
                "description": "This is the ResourceGroup for where the vNet lies in the Connectivity Subscription."
            }
        },
        "virtualNetworkSubscriptionID":{
            "type": "string",
            "defaultValue": "2aa3ac18-2325-48a6-b8ec-c94d8f436610",
            "metadata": {
                "description": "This is the subscripiton ID of where the vNet is."
            }
        },
        "privateEndpointName": {
            "type": "string",
            "metadata": {
                "descripiton": "The name of the Private Endpoint used for the Storage Account."
            }
        },
        "targetSubResource": {
            "type": "string",
            "allowedValues": [
                "blob",
                "table",
                "queue",
                "file",
                "web",
                "dfs"
            ],
            "defaultValue": "blob",
            "metadata": {
                "description": "The ID(s) of the group(s) obtained from the remote resource that this private endpoint should connect to. - string"
            }
        
        }
    },
    "variables": {
        "scriptName": "Set-Storage-Logging",
        "storageAccountResourceGroup": "[resourceGroup().name]"
    },
    "resources": [
        {
            "type": "Microsoft.Storage/storageAccounts",
            "apiVersion": "2019-06-01",
            "name": "[parameters('storageAccountName')]",
            "location": "[parameters('location')]",
            "tags": "[parameters('Tags')]",
            "sku": {
                "name": "[parameters('storageAccountReplication')]",
                "tier": "[parameters('storageAccountTier')]"
            },
            "kind": "[parameters('storageAccountKind')]",
            "properties": {
                "largeFileSharesState": "Disabled",
                "accessTier": "[parameters('storageAccessTier')]",
                "networkAcls": {
                    "bypass": "AzureServices",
                    "virtualNetworkRules": [],
                    "ipRules": [
                        {
                            "value": "165.86.71.0/24",
                            "action": "Allow"
                        },
                        {
                            "value": "165.86.81.0/24",
                            "action": "Allow"
                        }
                    ],
                    "defaultAction": "Deny"
                },
                "supportsHttpsTrafficOnly": true,
                "encryption": {
                    "services": {
                        "file": {
                            "keyType": "Account",
                            "enabled": true
                        },
                        "blob": {
                            "keyType": "Account",
                            "enabled": true
                        }
                    },
                    "keySource": "Microsoft.Storage"
                }
            },
            "resources": [
            {
                "condition": "[parameters('advancedThreatProtectionEnabled')]",
                "type": "providers/advancedThreatProtectionSettings",
                "name": "Microsoft.Security/current",
                "apiVersion": "2019-01-01",
                "dependsOn": [
                    "[resourceId('Microsoft.Storage/storageAccounts/', parameters('storageAccountName'))]"
                ],
                "properties": {
                    "isEnabled": true
                }
            },
            {
                "name": "[concat('default/', parameters('storageContainerName'))]",
                "type": "blobServices/containers",
                "apiVersion": "2018-07-01",
                "dependsOn": [
                    "[parameters('storageAccountName')]"
                ],
                "properties": {
                    "publicAccess": "None"
                }
            }]
        },
        {
            "type": "Microsoft.Storage/storageAccounts/blobServices",
            "apiVersion": "2019-06-01",
            "name": "[concat(parameters('storageAccountName'), '/default')]",
            "dependsOn": [
                "[resourceId('Microsoft.Storage/storageAccounts', parameters('storageAccountName'))]"
            ],
            "sku": {
                "name": "Standard_LRS",
                "tier": "Standard"
            },
            "properties": {
                "cors": {
                    "corsRules": []
                },
                "deleteRetentionPolicy": {
                    "enabled": true,
                    "days": 30
                }
            }
        },
        {
            "type": "Microsoft.Storage/storageAccounts/fileServices",
            "apiVersion": "2019-06-01",
            "name": "[concat(parameters('storageAccountName'), '/default')]",
            "dependsOn": [
                "[resourceId('Microsoft.Storage/storageAccounts', parameters('storageAccountName'))]"
            ],
            "sku": {
                "name": "Standard_LRS",
                "tier": "Standard"
            },
            "properties": {
                "cors": {
                    "corsRules": []
                }
            }
        },
        {
            "type": "Microsoft.Resources/deploymentScripts",
            "name": "[variables('scriptName')]",
            "apiVersion": "2019-10-01-preview",
            "dependsOn": [
                "[resourceId('Microsoft.Storage/storageAccounts', parameters('storageAccountName'))]"
            ],
            "location": "[resourceGroup().location]",
            "kind": "AzurePowerShell",
            "identity": {
                "type": "UserAssigned",
                "userAssignedIdentities": {
                    "[parameters('identity')]": {}
                }
            },
            "properties":{
                "azPowerShellVersion": "2.7",
                "scriptContent": "
                    param(
                        $StorageAccountName,
                        $ResourceGroupName
                    )
                    Write-Host $StorageAccountName
                    Write-Host $ResourceGroupName
                    $StorageAccount = Get-AzStorageAccount -ResourceGroupName $ResourceGroupName -Name $StorageAccountName
                    $Key = (Get-AzStorageAccountKey -ResourceGroupName $ResourceGroupName -Name $StorageAccount.StorageAccountName)[0].Value
                    $Context = New-AzStorageContext -StorageAccountName $StorageAccount.StorageAccountName -StorageAccountKey $key
                    Set-AzStorageServiceLoggingProperty -Context $Context -ServiceType Blob -LoggingOperations All -RetentionDays 90 -Version '2.0' -Verbose
                    Set-AzStorageServiceLoggingProperty -Context $Context -ServiceType Queue -LoggingOperations All -RetentionDays 90 -Version '2.0' -Verbose
                    Set-AzStorageServiceLoggingProperty -Context $Context -ServiceType Table -LoggingOperations All -RetentionDays 90 -Verbose
                ",
                "arguments": 
                    "[concat('-resourceGroup ', resourceGroup().name, 
                    ' -storageAccountName ', parameters('storageAccountName'))]",
                "timeout": "PT30M",
                "retentionInterval": "P1D",
                "cleanupPreference": "OnSuccess" // option for "Always", "OnExpiration"
                // "forceUpdateTag": "[parameters("timestamp")]" // utcNow()
            }
        },
        {
            "type": "Microsoft.Resources/deployments",
            "apiVersion": "2019-10-01",
            "name": "nestedTemplate-PrivateEndpoint",
            "resourceGroup": "[parameters('virtualNetworkResourceGroupName')]",
            "subscriptionId": "[parameters('virtualNetworkSubscriptionID')]",
            "properties": {
                "mode": "Incremental",
                "template": {
                    "$schema": "https://schema.management.azure.com/schemas/2019-04-01/deploymentTemplate.json#",
                    "contentVersion": "1.0.0.0",
                    "parameters": {},
                    "variables": {},
                    "resources": [
                        {
                            "type": "Microsoft.Network/privateEndpoints",
                            "apiVersion": "2019-04-01",
                            "name": "[parameters('privateEndpointName')]",
                            "location": "[resourceGroup().location]",
                            "properties": {
                                "subnet": {
                                    "id": "[resourceid(parameters('virtualNetworkSubscriptionID'),parameters('virtualNetworkResourceGroupName'),'Microsoft.Network/virtualNetworks/subnets', parameters('virtualNetworkName') ,parameters('subnetName'))]"
                                },
                                "privateLinkServiceConnections": [
                                    {
                                        "name": "[parameters('privateEndpointName')]",
                                        "properties":{
                                            "privateLinkServiceId":"[resourceid(parameters('storageAccountSubscriptionID'),variables('storageAccountResourceGroup'),'Microsoft.Storage/storageAccounts',parameters('storageAccountName'))]",
                                            "groupIds": [
                                                "[parameters('targetSubResource')]"
                                            ]
                                        }
                                    }
                                ]
                            }
                        }
                    ]
                }
            }
        }
    ],
    "outputs": {
        "StorageAccountName": {
            "type": "string",
            "value": "[resourceId('Microsoft.Storage/storageAccounts/', parameters('storageAccountName'))]"
        }
    }
}
