{
    "$schema": "https://schema.management.azure.com/schemas/2019-04-01/deploymentTemplate.json#",
    "contentVersion": "1.0.0.0",
    "parameters": {
        "_artifactsLocation": {
            "type": "string"
        },
        "_artifactsLocationSasToken": {
            "type": "securestring"
        },
        "globalResourceGroup": {
            "type": "string",
            "metadata": {
                "description": "The name of the Resource Group for the deployment."
            }
        },
        "globalTags": {
            "type": "object",
            "metadata": {
                "description": "General Tags to be applied"
            }
        },
        "globalVirtualNetworkName": {
            "type": "string",
            "metadata": {
                "description": "The name of the vNet the NIC will attach too."
            }
        },
        "aspName": {
            "type": "string",
            "metadata": {
                "description": "The name of the App Service Plan."
            }
        },
        "aspLocation": {
            "type": "string",
            "defaultValue": "[resourceGroup().location]", // ITE Log Analytics Workspace.
            "metadata": {
                "description": "The Location the App Service Plan will be deployed."
            }
        },
        "aspSku": {
            "type": "string",
            "allowedValues": [
                "PremiumV2",
                "Standard"
            ],
            "defaultValue": "PremiumV2",
            "metadata": {
                "description": "Service tier of the resource SKU. https://docs.microsoft.com/en-us/azure/templates/microsoft.web/2020-06-01/serverfarms#skudescription-object"
            }
        },
        "aspSkuCode": {
            "type": "string",
            "allowedValues": [
                "P1v2",
                "P2v2",
                "P3v2",
                "S1",
                "S2",
                "S3",
                "B1",
                "B2",
                "B3"
            ],
            "defaultValue": "P1v2",
            "metadata": {
                "description": "Name of the resource SKU for the App Service Plan. https://docs.microsoft.com/en-us/azure/templates/microsoft.web/2020-06-01/serverfarms#skudescription-object"
            }
        },

        "aspWorkerSize": {
            "type": "int",

            "metadata": {
                "description": "Property to specify whether the 'soft delete' functionality is enabled for this key vault. If it's not set to any value(true or false) when creating new key vault, it will be set to true by default. Once set to true, it cannot be reverted to false."
            }
        },
        "aspWorkerSizeId": {
            "type": "int",

            "metadata": {
                "description": "Scaling worker size ID."
            }
        },
        "aspNumberOfWorkers": {
            "type": "int",
            "metadata": {
                "description": "Specifies whether Azure Disk Encryption is permitted to retrieve secrets from the vault and unwrap keys."
            }
        },
        "pvePrivateEndpointName": {
            "type": "string",
            "metadata": {
                "description": "The name of the Private Endpoint used for the Storage Account."
            }
        },
        "pveSubnetId": {
            "type": "string",
            "metadata": {
                "description": "The Subnet Resource ID."
            }
        },
        "pveTargetSubResource": {
            "type": "string",
            "allowedValues": [ 
                "blob",
                "table",
                "queue",
                "file",
                "web",
                "dfs",
                "sites"
            ],
            "defaultValue": "blob",
            "metadata": {
                "description": "The ID(s) of the group(s) obtained from the remote resource that this private endpoint should connect to. - string"
            }
        },
        "storageAccessTier": {
            "type": "string",
            "defaultValue": "Hot",
            "allowedValues": [
                "Hot",
                "Cool"
            ],
            "metadata": {
                "description": "Required for storage accounts where kind = BlobStorage. The access tier used for billing. - Hot or Cool"
            }
        },
        "storageAccountKind": {
            "type": "string",
            "defaultValue": "StorageV2",
            "allowedValues": [
                "StorageV2",
                "Storage"
            ],
            "metadata": {
                "description": "Storage account type, for more info see 'https://docs.microsoft.com/en-us/azure/storage/common/storage-account-overview'."
            }
        },
        "storageAccountName": {
            "type": "string",
            "minLength": 3,
            "maxLength": 24,
            "metadata": {
                "description": "The name must be unique across all existing storage account names in Azure. It must be 3 to 24 characters long, and can contain only lowercase letters and numbers."
            }
        },
        "storageAccountReplication": {
            "type": "string",
            "defaultValue": "Standard_LRS",
            "allowedValues": [
                "Standard_LRS",
                "Standard_GRS",
                "Standard_ZRS",
                "Premium_LRS"
            ]
        },
        "storageAccountTier": {
            "type": "string",
            "defaultValue": "Standard",
            "allowedValues": [
                "Standard",
                "Premium"
            ]
        },
        "storageAdvancedThreatProtectionEnabled": {
            "type": "bool",
            "defaultValue": true,
            "metadata": {
                "description": "Enable or disable Advanced Threat Protection."
            }
        },
        "storageContainerName": {
            "type": "string",
            "defaultValue": "logs",
            "metadata": {
                "description": "Specifies the name of the blob container."
            }
        },
        "webName": {
            "type": "string",
            "metadata": {
                "description": "The name of the Web App."
            }
        },
        "webLinuxFxVersion": {
            "type": "string",
            "defaultValue": "DOTNETCORE|3.1",
            "metadata": {
                "description": "The runtime stack of the web app."
            }
        },
        "webAlwaysOn": {
            "type": "bool",
            "metadata": {
                "description": "If the App will have Always On enabled or not."
            }
        }
    },
    "functions": [
    ],
    "variables":{
    },
    "resources": [
        {
            "type": "Microsoft.Resources/deployments",
            "apiVersion": "2020-06-01",
            "name": "child-appServicePlan",
            "resourceGroup": "[parameters('globalResourceGroup')]",
            "properties": {
                "mode": "Incremental",
                "templateLink": {
                    "uri": "[concat(parameters('_artifactsLocation'), '/appServicePlan/azuredeploy.json', parameters('_artifactsLocationSasToken'))]",
                    "contentVersion": "1.0.0.0"
                },
                "parameters": {
                    "aspParameters": {
                        "value": {
                            "aspName": "[parameters('aspName')]",
                            "aspLocation": "[parameters('aspLocation')]",
                            "aspSku": "[parameters('aspSku')]",
                            "aspSkuCode": "[parameters('aspSkuCode')]",
                            "aspWorkerSize": "[parameters('aspWorkerSize')]", 
                            "aspWorkerSizeId": "[parameters('aspWorkerSizeId')]", 
                            "aspNumberOfWorkers": "[parameters('aspNumberOfWorkers')]", 
                            "globalResourceGroup": "[parameters('globalResourceGroup')]",
                            "globalTags": "[parameters('globalTags')]"
                        }
                    }
                }
            }
        },
        {
            "type": "Microsoft.Resources/deployments",
            "apiVersion": "2020-06-01",
            "name": "child-webApp",
            "resourceGroup": "[parameters('globalResourceGroup')]",
            "properties": {
                "mode": "Incremental",
                "templateLink": {
                    "uri": "[concat(parameters('_artifactsLocation'), '/webApp/azuredeploy.json', parameters('_artifactsLocationSasToken'))]",
                    "contentVersion": "1.0.0.0"
                },
                "parameters": {
                    "webParameters": {
                        "value": {
                            "webName": "[parameters('webName')]",
                            "globalTags": "[parameters('globalTags')]",
                            "webLinuxFxVersion": "[parameters('webLinuxFxVersion')]",
                            "webAlwaysOn": "[parameters('webAlwaysOn')]",
                            "webAspId": "[reference('child-appServicePlan').outputs.aspId.value]"
                        }
                    }
                }
            }
        },
        {
            "type": "Microsoft.Resources/deployments",
            "apiVersion": "2019-10-01",
            "name": "child-storageAccount",
            "resourceGroup": "[parameters('globalResourceGroup')]",
            "properties": {
                "mode": "Incremental",
                "templateLink": {
                    "uri": "[concat(parameters('_artifactsLocation'), '/storageAccount/azuredeploy.json', parameters('_artifactsLocationSasToken'))]",
                    "contentVersion": "1.0.0.0"
                },
                "parameters": {
                    "storageParameters": {    
                        "value": {
                            "storageAccessTier": "[parameters('storageAccessTier')]",
                            "storageAccountKind": "[parameters('storageAccountKind')]",
                            "storageAccountName": "[parameters('storageAccountName')]",
                            "storageAccountReplication": "[parameters('storageAccountReplication')]",
                            "storageAccountTier": "[parameters('storageAccountTier')]",
                            "storageAdvancedThreatProtectionEnabled": "[parameters('storageAdvancedThreatProtectionEnabled')]",
                            "storageContainerName": "[parameters('storageContainerName')]",
                            "globalTags": "[parameters('globalTags')]"
                        }
                    }
                }
            }
        },
        {
            "type": "Microsoft.Resources/deployments",
            "apiVersion": "2019-10-01",
            "name": "child-privateEndpoint",
            "resourceGroup": "[parameters('globalResourceGroup')]",
            "dependsOn":[
                "child-webApp"
            ],
            "properties": {
                "mode": "Incremental",
                "templateLink": {
                    "uri": "[concat(parameters('_artifactsLocation'), '/privateEndpoint/azuredeploy.json', parameters('_artifactsLocationSasToken'))]",
                    "contentVersion": "1.0.0.0"
                },
                "parameters":{
                    "pveParameters": {
                        "value":{
                            "pvePrivateEndpointName": "[parameters('pvePrivateEndpointName')]",
                            "pveResourceGroup": "[parameters('globalResourceGroup')]",
                            "pveWebName": "[parameters('webName')]",
                            "pveSubnetId": "[parameters('pveSubnetId')]",
                            "globalTags": "[parameters('globalTags')]",
                            "pveTargetSubResource": "[parameters('pveTargetSubResource')]",
                            "pveVirtualNetworkName":"[parameters('globalVirtualNetworkName')]"
                        }
                    }
                }
            }
        }
    ],
    "outputs": {
        "aspId": {
            "type": "string",
            "value": "[reference('child-appServicePlan').outputs.aspId.value]"
        },
        "webId": {
            "type": "string",
            "value": "[reference('child-webApp').outputs.webAppId.value]"
        },
        "storageAccountId": {
            "type": "string",
            "value": "[reference('child-storageAccount').outputs.storageAccountId.value]"
        },
        "privateEndpointId": {
            "type": "string",
            "value": "[reference('child-privateEndpoint').outputs.privateEndpointId.value]"
        }
    }
}