{
    "$schema": "https://schema.management.azure.com/schemas/2019-04-01/deploymentParameters.json#",
    "contentVersion": "1.0.0.0",
    "parameters": {
        "_artifactsLocation": {
            "value": ""
        },
        "_artifactsLocationSasToken": {
            "value": ""
        },

        "globalResourceGroup": {
            "value": "cd01" 
        },
        "globalTags": {
            "value": {
                "costCenterCode": "2110214",
                "criticality": "Low",
                "resOwner": "Craig Dempsey",
                "resOwnerDepartment": "MSH Architecture & Security",
                "resOwnerEmail": "craig.dempsey@health.qld.gov.au",
                "resOwnerPhone": "0731769082",
                "resOwnerPosition": "Senior Technical Architect",
                "system": "CIDAS Management",
                "deploymentMethod": "ARM Template"            
            }
        },
        "globalVirtualNetworkName": {
            "value": "vnet-ite-cidas-auea01" 
        },
        "aspName": {
            "value": "nurseRosteringTest"
        },
        "aspLocation": {
            "value": "Australia East"
        },
        "aspSku": {
            "value": "PremiumV2"
        },
        "aspSkuCode": {
            "value": "P1v2"
        },
        "aspWorkerSize": {
            "value": 3 
        },
        "aspWorkerSizeId": {
            "value": 3
        },
        "aspNumberOfWorkers": {
            "value": 1 
        },
        "pvePrivateEndpointName": {
            "value": "nurseRosteringTest01"
          },
        "pveSubnetId": {
            "value": "/subscriptions/db3e6bf2-9073-4d91-b5ea-62d03c109152/resourceGroups/zVnet-auea/providers/Microsoft.Network/virtualNetworks/vnet-ite-cidas-auea01/subnets/endpoints-ite-cidas-auea01"
        },
        "pveTargetSubResource": {
            "value": "sites"
        },
        "storageAccessTier": {
            "value": "Hot"
        },
        "storageAccountKind":{
            "value": "StorageV2"
        },
        "storageAccountName": {
            "value": "nurserosteringtest01"
        },
        "storageAccountReplication":{
            "value": "Standard_LRS"
        },
        "storageAccountTier": {
            "value": "Standard"
        },
        "storageAdvancedThreatProtectionEnabled": {
            "value": true
        },
        "storageContainerName":{
            "value": "logs"
        },
        "webName": {
            "value": "nurseRosteringTest"
        },
        "webLinuxFxVersion": {
            "value": "DOTNETCORE|3.1"
        },
        "webAlwaysOn": {
            "value": true
        }
    }
}