{
    "properties": {
        "displayName": "Windows-Defender-ATP-is-enabled",
        "description": "Ensure that Windows Defender ATP (WDATP) integration with Security Centre is turned on",
        "policyType": "Custom",
        "mode": "All",
        "metadata": {
            "version": "1.0.0",
            "category": "Security Center",
            "msh-standard":"2.1.5"
        },
        "parameters": {
            "effect": {
                "type": "string",
                "defaultValue": "Audit",
                "allowedValues": [
                    "Audit",
                    "Disabled"
                ],
                "metadata": {
                    "displayName": "Effect",
                    "description": "Enable or disable the execution of the policy"
                }
            }
        },
        "policyRule": {
            "if": {
                "allOf": [
                    {
                        "field": "type",
                        "equals": "Microsoft.Security/settings"
                    },
                    {
                        "field": "Microsoft.Security/settings/WDATP",
                        "exists": "true"
                    }
                ]
            },
            "then": {
                "effect": "[parameters('effect')]"
            }
        }


        
    }
}