{
    "$schema": "https://schema.management.azure.com/schemas/2019-04-01/deploymentTemplate.json#",
    "contentVersion": "1.0.0.0",
    "parameters": {
        "_artifactsLocation": {
            "type": "string"
        },
        "_artifactsLocationSasToken": {
            "type": "securestring"
        }
    },
    "functions": [
    ],
    "variables":{
    },
    "resources": [
        {
            "type": "Microsoft.Resources/deployments",
            "apiVersion": "2019-10-01",
            "name": "linkedTemplate-storageAccount-mshcidasarmtemp01auea",
            "properties": {
                "mode": "Incremental",
                "templateLink": {
                    "uri": "[concat(parameters('_artifactsLocation'), '/storageAccount/mshcidasarmtemp01auea.json', parameters('_artifactsLocationSasToken'))]",
                    "contentVersion": "1.0.0.0"
                },
                "parametersLink": {
                    "uri": "[concat(parameters('_artifactsLocation'), '/storageAccount/mshcidasarmtemp01auea.parameters.json', parameters('_artifactsLocationSasToken'))]",
                    "contentVersion": "1.0.0.0"
                }
            }
        },
        {
            "type": "Microsoft.Resources/deployments",
            "apiVersion": "2019-10-01",
            "name": "linkedTemplate-privateEndpoint-mshcidasarmtemp01auea",
            "resourceGroup": "zvnet-auea",
            "subscriptionId": "db3e6bf2-9073-4d91-b5ea-62d03c109152",
            "dependsOn":[
                "linkedTemplate-storageAccount-mshcidasarmtemp01auea"
            ],
            "properties": {
                "mode": "Incremental",
                "templateLink": {
                    "uri": "[concat(parameters('_artifactsLocation'), '/privateEndpoint/mshcidasarmtemp01auea.json', parameters('_artifactsLocationSasToken'))]",
                    "contentVersion": "1.0.0.0"
                },
                "parametersLink": {
                    "uri": "[concat(parameters('_artifactsLocation'), '/privateEndpoint/mshcidasarmtemp01auea.parameters.json', parameters('_artifactsLocationSasToken'))]",
                    "contentVersion": "1.0.0.0"
                }
            }
        },
        {
            "type": "Microsoft.Resources/deployments",
            "apiVersion": "2019-10-01",
            "name": "linkedTemplate-scriptDeployment-mshcidasarmtemp01auea",
            "dependsOn":[
                "linkedTemplate-storageAccount-mshcidasarmtemp01auea"
            ],
            "properties": {
                "mode": "Incremental",
                "templateLink": {
                    "uri": "[concat(parameters('_artifactsLocation'), '/diagnosticSettings/mshcidasarmtemp01auea.json', parameters('_artifactsLocationSasToken'))]",
                    "contentVersion": "1.0.0.0"
                },
                "parametersLink": {
                    "uri": "[concat(parameters('_artifactsLocation'), '/diagnosticSettings/mshcidasarmtemp01auea.parameters.json', parameters('_artifactsLocationSasToken'))]",
                    "contentVersion": "1.0.0.0"
                }
            }
        }
    ],
    "outputs": {
    }
}