{
    "$schema": "https://schema.management.azure.com/schemas/2019-04-01/deploymentTemplate.json#",
    "contentVersion": "1.0.0.0",
    "parameters": {
        "kvParameters":{
            "type": "object"
        }
    },
    "functions": [],
    "variables": {},
    "resources": [
        {
            "type": "Microsoft.KeyVault/vaults",
            "name": "[parameters('kvParameters').kvKeyVaultName]",
            "apiVersion": "2019-09-01",
            "location": "[resourceGroup().location]",
            "tags": "[parameters('kvParameters').kvTags]",
            "properties": {
                "enableVaultForDeployment": "[parameters('kvParameters').kvEnableVaultForDeployment]",
                "enableVaultForTemplateDeployment": "[parameters('kvParameters').kvEnableVaultForTemplateDeployment]",
                "enableVaultForDiskEncryption": "[parameters('kvParameters').kvEnableVaultForDiskEncryption]",
                "tenantId": "[parameters('kvParameters').kvTenantId]",
                "accessPolicies":[
                    {
                        "objectId": "[parameters('kvParameters').kvObjectId]",
                        "tenantId": "[parameters('kvParameters').kvTenantId]",
                        "permissions": {
                            "keys": "[parameters('kvParameters').kvKeysPermissions]",
                            "secrets": "[parameters('kvParameters').kvSecretsPermissions]",
                            "certificates": "[parameters('kvParameters').kvCertificatesPermissions]"
                        }                        
                    }
                ],
                "sku": {
                    "name": "[parameters('kvParameters').kvVaultSku]",
                    "family": "A"
                },
                "enableSoftDelete": "[parameters('kvParameters').kvEnableSoftDelete]",
                "softDeleteRetentioninDays": 90,
                "enablePurgeProtection": true,
                "networkAcls": {
                    "bypass": "AzureServices",
                    "defaultAction": "Deny",
                    "ipRules": [
                        {
                            "value": "165.86.71.0/24",
                            "action": "Allow"
                        },
                        {
                            "value": "165.86.81.0/24",
                            "action": "Allow"
                        }
                    ]
                }
            }
        }
    ],
    "outputs": {
        "kvId": {
            "type": "string",
            "value": "[resourceId('Microsoft.KeyVault/vaults', parameters('kvParameters').kvKeyVaultName)]"
        }
    }
}