{
    "$schema": "https://schema.management.azure.com/schemas/2015-01-01/deploymentParameters.json#",
    "contentVersion": "1.0.0.0",
    "parameters": {
        "Tags":{
            "value":{
                "costCenterCode": "2110214",
                "criticality": "Low",
                "resOwner": "Craig Dempsey",
                "resOwnerDepartment": "MSH Architecture & Security",
                "resOwnerEmail": "craig.dempsey@health.qld.gov.au",
                "resOwnerPhone": "0731769082",
                "resOwnerPosition": "Senior Technical Architect",
                "system": "CIDAS Management",
                "deploymentMethod": "ArmTemplate"
            },
            "metadata": {
                "description": "The tags that will be assigned to the storage account and the private endpoint."
            }
        },
        "nsgName": {
            "value": "auea-ite-das-priv01-test"
        },
        "subnetName": {
            "value": "AzEaIteDasPrivate01Sub"
        },
        "subnetRange": {
            "value": "10.4.21.0/27"
        },
        "bulkDescription": {
            "value": "Craig Dempsey - Genesis - 05\\06\\2020"
        }

        
    }
}

