{
    "$schema": "https://schema.management.azure.com/schemas/2015-01-01/deploymentTemplate.json#",
    "contentVersion": "1.0.0.0",
    "parameters": {
        "networkSecurityGroupName": {
            "type": "string",
            "metadata": {
                "description": "This is the name of the network security group"
            }
        },
        "location": {
            "type": "string",
            "metadata": {
                "description": "Location where the network security group resource will be created."
            }
        }
    },
    "resources": [
        {
            "apiVersion": "2019-02-01",
            "type": "Microsoft.Network/networkSecurityGroups",
            "name": "[parameters('networkSecurityGroupName')]",
            "location": "[parameters('location')]",
            "tags": {
                "costCenterCode": "2110214",
                "criticality": "Medium",
                "system": "CIDAS Connectivity",
                "resOwner": "Craig Dempsey",
                "resOwnerDepartment": "MSH Architecture & Security",
                "resOwnerEmail": "craig.dempsey@health.qld.gov.au",
                "resOwnerPhone": "0731769082",
                "resOwnerPosition": "Senior Technical Architect"
            }
        }
    ]
}