{
    "$schema": "https://schema.management.azure.com/schemas/2019-04-01/deploymentTemplate.json#",
    "contentVersion": "1.0.0.0",
    "parameters": {
        "aspParameters":{
            "type": "object"
        }
    },
    "functions": [],
    "variables": {},
    "resources": [
        {
            "type": "Microsoft.Web/serverFarms",
            "name": "[parameters('aspParameters').aspName]",
            "apiVersion": "2020-06-01",
            "location": "[parameters('aspParameters').aspLocation]",
            "tags": "[parameters('aspParameters').globalTags]",
            "sku": {
                "Tier": "[parameters('aspParameters').aspSku]",
                "Name": "[parameters('aspParameters').aspSkuCode]"
            },
            "kind": "Linux",
            "properties": {
                "name": "[parameters('aspParameters').aspName]",
                "workerSize": "[parameters('aspParameters').aspWorkerSize]",
                "workerSizeId": "[parameters('aspParameters').aspWorkerSizeId]",
                "numberOfWorkers": "[parameters('aspParameters').aspNumberOfWorkers]",
                "reserved": true

            }
        }
    ],
    "outputs": {
        "aspId": {
            "type": "string",
            "value": "[resourceId('Microsoft.Web/serverFarms', parameters('aspParameters').aspName)]"
        }
    }
}