{
    "$schema": "https://schema.management.azure.com/schemas/2015-01-01/deploymentParameters.json#",
    "contentVersion": "1.0.0.0",
    "parameters": {
        "keyVaultName":{
            "value": "msh-kv-ite-001",
            "metadata": {
                "description": "Name of the vault"
            }
        },
        "keyVaultTags":{
            "value":{
                "costCenterCode": "2110214",
                "criticality": "Low",
                "resOwner": "Craig Dempsey",
                "resOwnerDepartment": "MSH Architecture & Security",
                "resOwnerEmail": "craig.dempsey@health.qld.gov.au",
                "resOwnerPhone": "0731769082",
                "resOwnerPosition": "Senior Technical Architect"
            },
            "metadata": {
                "description": "The tags that will be assigned to the key vault."
            }
        },
        "enableVaultForDeployment": {
            "value": false,
            "metadata": {
                "description": "Property to specify whether Azure Virtual Machines are permitted to retrieve certificates stored as secrets from the key vault."
            }
        },
        "enableVaultForTemplateDeployment": {
            "value": false,
            "metadata": {
                "description": "Property to specify whether Azure Resource Manager is permitted to retrieve secrets from the key vault."
            }
        },
        "enableVaultForDiskEncryption": {
            "value": false,
            "metadata": {
                "description": "Property to specify whether Azure Disk Encryption is permitted to retrieve secrets from the vault and unwrap keys."
            }
        },
        "tenantId": {
            "value": "0b65b008-95d7-4abc-bafc-3ffc20c039c0",
            "metadata": {
                "description": "The Azure Active Directory tenant ID that should be used for authenticating requests to the key vault. - globally unique identifier."
            }
        },
        "objectId": {
            "value": "f16a5192-adea-474a-8fb5-b2e457cb42b3",
            "metadata": {
                "description": "The object ID of a user, service principal or security group in the Azure Active Directory tenant for the vault. The object ID must be unique for the list of access policies."
            }
        },
        "keysPermissions": {
            "value": [
                "all"
            ],
            "metadata": {
                "description": "Permissions to keys - encrypt, decrypt, wrapKey, unwrapKey, sign, verify, get, list, create, update, import, delete, backup, restore, recover, purge"
            }
        },
        "secretsPermissions": {
            "value": [
                "all"
            ],
            "metadata": {
                "description": "Permissions to secrets - get, list, set, delete, backup, restore, recover, purge"
            }
        },
        "certificatesPermissions": {
            "value": [
                "all"
            ],
            "metadata": {
                "description": "Permissions to certificates - get, list, delete, create, import, update, managecontacts, getissuers, listissuers, setissuers, deleteissuers, manageissuers, recover, purge, backup, restore"
            }
        },
        "vaultSku": {
            "value": "Standard",
            "metadata": {
                "description": "SKU name to specify whether the key vault is a standard vault or a premium vault. - standard or premium"
            }
        },
        "enableSoftDelete": {
            "value": false,
            "metadata": {
                "description": "Property to specify whether the 'soft delete' functionality is enabled for this key vault. If it's not set to any value(true or false) when creating new key vault, it will be set to true by default. Once set to true, it cannot be reverted to false.",
                "warning": "Turning this on enables purge protection also. Don't turn this on for testing. Turn it on for PRODUCTION."
            }
        },
        "logAnalyticsWorkspaceSubscriptionID": {
            "value": "f56023f2-65a8-4d88-8841-b582babeedb2",
            "metadata": {
                "description": "The subscription ID where the Log Analytics Workspace resides."
            }
        },
        "logAnalyticsWorkspaceResourceGroup": {
            "value": "log-analytics",
            "metadata": {
                "description": "The Resource Group where the Log Analytics Workspace resides."
            }
        },
        "keyVaultSubscriptionID": {
            "value": "db3e6bf2-9073-4d91-b5ea-62d03c109152"
        },
        "privateEndpointName": {
            "value": "msh-kv-ite-001"
        },
        "subnetName": {
            "value": "auea-ite-endpoints"
        },
        "virtualNetworkName": {
            "value": "auea-vnet-ite01"
        },
        "virtualNetworkResourceGroupName": {
            "value": "vNet"
        },
        "virtualNetworkSubscriptionID": {
            "value": "2aa3ac18-2325-48a6-b8ec-c94d8f436610"
        }
    }
}

