{
    "$schema": "https://schema.management.azure.com/schemas/2019-04-01/deploymentTemplate.json#",
    "contentVersion": "1.0.0.0",
    "parameters": {
        "certificatesPermissions": {
            "type": "array",
            "defaultValue": [
                "all"
            ],
            "metadata": {
                "description": "Permissions to certificates - get, list, delete, create, import, update, managecontacts, getissuers, listissuers, setissuers, deleteissuers, manageissuers, recover, purge, backup, restore"
            }
        },
        "enableSoftDelete": {
            "type": "bool",
            "defaultValue": true,
            "metadata": {
                "description": "Property to specify whether the 'soft delete' functionality is enabled for this key vault. If it's not set to any value(true or false) when creating new key vault, it will be set to true by default. Once set to true, it cannot be reverted to false."
            }
        },
        "enableVaultForDeployment": {
            "type": "bool",
            "defaultValue": false,
            "allowedValues": [
                true,
                false
            ],
            "metadata": {
                "description": "Specifies whether Azure Virtual Machines are permitted to retrieve certificates stored as secrets from the key vault."
            }
        },
        "enableVaultForDiskEncryption": {
            "type": "bool",
            "defaultValue": false,
            "allowedValues": [
                true,
                false
            ],
            "metadata": {
                "description": "Specifies whether Azure Disk Encryption is permitted to retrieve secrets from the vault and unwrap keys."
            }
        },
        "enableVaultForTemplateDeployment": {
            "type": "bool",
            "defaultValue": false,
            "allowedValues": [
                true,
                false
            ],
            "metadata": {
                "description": "Specifies whether Azure Resource Manager is permitted to retrieve secrets from the key vault."
            }
        },
        "keysPermissions": {
            "type": "array",
            "defaultValue": [
                "all"
            ],
            "metadata": {
                "description": "Specifies the permissions to keys in the vault. Valid values are: all, encrypt, decrypt, wrapKey, unwrapKey, sign, verify, get, list, create, update, import, delete, backup, restore, recover, and purge."
            }
        },
        "keyVaultName": {
            "type": "string",
            "defaultValue": "[concat('msh-das-kv-', uniqueString(resourceGroup().id))]",
            "metadata": {
                "description": "The keyvault name you would like to use."
            }
        },
        "keyVaultSubscriptionID":{
            "type": "string",
            "defaultValue": "db3e6bf2-9073-4d91-b5ea-62d03c109152",
            "metadata": {
                "description": "The Subscription ID for where the Key Vault will live. The default value is the MSH CI Digital Architecture & Security subscription."
            }
        },
        "keyVaultTags": {
            "type": "object"
        },
        "logAnalyticsWorkspaceResourceGroup": {
            "type": "string",
            "defaultValue": "log-analytics",
            "metadata": {
                "description": "The Resource Group where the Log Analytics Workspace resides."
            }
        },
        "logAnalyticsWorkspaceSubscriptionID": {
            "type": "string",
            "defaultValue": "f56023f2-65a8-4d88-8841-b582babeedb2",
            "metadata": {
                "description": "The subscription ID where the Log Analytics Workspace resides."
            }
        },
        "objectId": {
            "type": "string",
            "metadata": {
                "description": "Specifies the object ID of a user, service principal or security group in the Azure Active Directory tenant for the vault. The object ID must be unique for the list of access policies. Get it by using Get-AzADUser or Get-AzADServicePrincipal cmdlets."
            }
        },
        "privateEndpointName": {
            "type": "string",
            "metadata": {
                "descripiton": "The name of the Private Endpoint used for the Storage Account."
            }
        },
        "secretsPermissions": {
            "type": "array",
            "defaultValue": [
                "all"
            ],
            "metadata": {
                "description": "Specifies the permissions to secrets in the vault. Valid values are: all, get, list, set, delete, backup, restore, recover, and purge."
            }
        },
        "subnetName": {
            "type": "string",
            "defaultValue": "auea-ite-endpoints",
            "metadata": {
                "description": "The subnet where the Private Endpoint IP address will reside."
            }
        },
        "tenantId": {
            "type": "string",
            "defaultValue": "[subscription().tenantId]",
            "metadata": {
                "description": "Specifies the Azure Active Directory tenant ID that should be used for authenticating requests to the key vault. Get it by using Get-AzSubscription cmdlet."
            }
        },
        "vaultSku": {
            "type": "string",
            "defaultValue": "Standard",
            "allowedValues": [
                "Standard",
                "Premium"
            ],
            "metadata": {
                "description": "Specifies the SKU for the key vault"
            }
        },
        "virtualNetworkName": {
            "type": "string",
            "defaultValue": "auea-vnet-ite01",
            "metadata": {
                "description": "The name of the virtual network the private endpoint will be attached too."
            }
        },
        "virtualNetworkResourceGroupName": {
            "type": "string",
            "defaultValue": "vNet",
            "metadata": {
                "description": "This is the ResourceGroup for where the vNet lies in the Connectivity Subscription."
            }
        },
        "virtualNetworkSubscriptionID":{
            "type": "string",
            "defaultValue": "2aa3ac18-2325-48a6-b8ec-c94d8f436610",
            "metadata": {
                "description": "This is the subscripiton ID of where the vNet is."
            }
        }
    },
    "variables": {
        "keyVaultResourceGroup": "[resourceGroup().name]",
        "workspaceRef": "[resourceId(parameters('logAnalyticsWorkspaceSubscriptionID') , parameters('logAnalyticsWorkspaceResourceGroup') , 'Microsoft.OperationalInsights/workspaces' , 'mshhs-ci-sandpit-la-workspace')]"
    },
    "resources": [
        {
            "type": "Microsoft.KeyVault/vaults",
            "name": "[parameters('keyVaultName')]",
            "apiVersion": "2019-09-01",
            "location": "[resourceGroup().location]",
            "tags": "[parameters('keyVaultTags')]",
            "properties": {
                "enableVaultForDeployment": "[parameters('enableVaultForDeployment')]",
                "enableVaultForTemplateDeployment": "[parameters('enableVaultForTemplateDeployment')]",
                "enableVaultForDiskEncryption": "[parameters('enableVaultForDiskEncryption')]",
                "tenantId": "[parameters('tenantId')]",
                "accessPolicies":[
                    {
                        "objectId": "[parameters('objectId')]",
                        "tenantId": "[parameters('tenantId')]",
                        "permissions": {
                            "keys": "[parameters('keysPermissions')]",
                            "secrets": "[parameters('secretsPermissions')]",
                            "certificates": "[parameters('certificatesPermissions')]"
                        }                        
                    }
                ],
                "sku": {
                    "name": "[parameters('vaultSku')]",
                    "family": "A"
                },
                "enableSoftDelete": "[parameters('enableSoftDelete')]",
                "softDeleteRetentioninDays": 90,
                "enablePurgeProtection": true,
                "networkAcls": {
                    "bypass": "AzureServices",
                    "defaultAction": "Deny",
                    "ipRules": [
                        {
                            "value": "165.86.71.0/24",
                            "action": "Allow"
                        },
                        {
                            "value": "165.86.81.0/24",
                            "action": "Allow"
                        }
                    ]
                }
            },
            "resources": [
                {
                    "type": "Microsoft.KeyVault/vaults/providers/diagnosticsettings",
                    "name": "[concat(parameters('keyVaultName'), '/Microsoft.Insights/service')]",
                    "apiVersion": "2016-09-01",
                    "location": "[resourceGroup().location]",
                    "dependsOn": [
                        "[resourceId('Microsoft.KeyVault/vaults', parameters('keyVaultName'))]"
                    ],
                    "properties":{
                        "name": "AuditEvent",
                        "workspaceID": "[variables('workspaceRef')]",
                        "logs": [
                            {
                                "category": "AuditEvent",
                                "enabled": true
                            }
                        ]
                    }    
                }
            ]
        },
        {
            "type": "Microsoft.Resources/deployments",
            "apiVersion": "2019-10-01",
            "name": "nestedTemplate-PrivateEndpoint",
            "resourceGroup": "[parameters('virtualNetworkResourceGroupName')]",
            "subscriptionId": "[parameters('virtualNetworkSubscriptionID')]",
            "properties": {
                "mode": "Incremental",
                "template": {
                    "$schema": "https://schema.management.azure.com/schemas/2019-04-01/deploymentTemplate.json#",
                    "contentVersion": "1.0.0.0",
                    "parameters": {},
                    "variables": {},
                    "resources": [
                        {
                            "type": "Microsoft.Network/privateEndpoints",
                            "apiVersion": "2019-04-01",
                            "name": "[parameters('privateEndpointName')]",
                            "location": "[resourceGroup().location]",
                            "properties": {
                                "subnet": {
                                    "id": "[resourceid(parameters('virtualNetworkSubscriptionID'),parameters('virtualNetworkResourceGroupName'),'Microsoft.Network/virtualNetworks/subnets', parameters('virtualNetworkName') ,parameters('subnetName'))]"
                                },
                                "privateLinkServiceConnections": [
                                    {
                                        "name": "[parameters('privateEndpointName')]",
                                        "properties":{
                                            "privateLinkServiceId":"[resourceid(parameters('keyVaultSubscriptionID'),variables('keyVaultResourceGroup'),'Microsoft.KeyVault/vaults',parameters('keyVaultName'))]",
                                            "groupIds": [
                                                "Vault"
                                            ]
                                        }
                                    }
                                ]
                            }
                        }
                    ]
                }
            }
        }

    ],
    "outputs": {
    }
}
