{
    "$schema": "https://schema.management.azure.com/schemas/2019-04-01/deploymentTemplate.json#",
    "contentVersion": "1.0.0.0",
    "parameters": {
        "scrParameters": {
            "type": "object"
        }
    },
    "functions": [],
    "variables": {
        "scriptName": "Set-Storage-Logging",
        "deploymentTemplateBaseUri": "[split(deployment().properties.templatelink.uri,last(split(split(deployment().properties.templatelink.uri,'.json')[0],'/')))[0]]",
        "deploymentTemplateSasToken": "[split(deployment().properties.templatelink.uri,'.json')[1]]",
        "primaryScriptUri": "[concat(variables('deploymentTemplateBaseUri'),'scripts/set-script-logging.ps1',variables('deploymentTemplateSasToken'))]",
    },
    "resources": [
        {
            "type": "Microsoft.Resources/deploymentScripts",
            "name": "[variables('scriptName')]",
            "apiVersion": "2019-10-01-preview",
            "tags": "[parameters('scrParameters').scrTags]",
            "location": "australiaeast",
            "kind": "AzurePowerShell",
            "identity": {
                "type": "UserAssigned",
                "userAssignedIdentities": {
                    "[parameters('scrParameters').scrUserManagedIdentityId]": {}
                }
            },
            "properties":{
                "azPowerShellVersion": "2.7",
                "primaryScriptUri": "[variables('primaryScriptUri')]",
                "arguments": "[concat('-ResourceGroupName ', resourceGroup().name,  
                        ' -StorageAccountName ', parameters('scrParameters').scrStorageAccountName,
                        ' -Subscriptionid ', subscription().subscriptionId)]", 
                "timeout": "PT30M",
                "retentionInterval": "P1D",
                "cleanupPreference": "Always" // option for "Always", "OnExpiration"
                // "forceUpdateTag": "[parameters("timestamp")]" // utcNow()
            }
        } 
    ],
    "outputs": {
        "deploymentTemplateBaseUri": {
            "type": "string",
            "value": "[split(deployment().properties.templatelink.uri,last(split(split(deployment().properties.templatelink.uri,'.json')[0],'/')))[0]]"
        },
        "deploymentTemplateSasToken": {
            "type": "string",
            "value": "[split(deployment().properties.templatelink.uri,'.json')[1]]"
        }
    }
}