{
    "$schema": "https://schema.management.azure.com/schemas/2019-04-01/deploymentParameters.json#",
    "contentVersion": "1.0.0.0",
    "parameters": {
        "_artifactsLocation": {
            "value": "$null"
        },
        "_artifactsLocationSasToken": {
            "value": "$null"
        },
        "globalLocation": {
            "value": "australiaeast"
        },
        "globalTags":{
            "value": {
                "costCenterCode": "2110214",
                "criticality": "Low",
                "resOwner": "Craig Dempsey",
                "resOwnerDepartment": "MSH Architecture & Security",
                "resOwnerEmail": "craig.dempsey@health.qld.gov.au",
                "resOwnerPhone": "0731769082",
                "resOwnerPosition": "Senior Technical Architect",
                "system": "CIDAS Management",
                "deploymentMethod": "ARM Template"
            }
        },
        "asgName": {
            "value": "asgCidasUtilityServers"
        },
        "nicName": {
            "value": "mshcidas-au02nic"
        },
        "nicSubnetId": {
            "value": "/subscriptions/db3e6bf2-9073-4d91-b5ea-62d03c109152/resourceGroups/zVnet-auea/providers/Microsoft.Network/virtualNetworks/vnet-ite-cidas-auea01/subnets/private-ite-cidas-auea01"
        },
        "scrUserManagedIdentityId":  {
            "value": "/subscriptions/db3e6bf2-9073-4d91-b5ea-62d03c109152/resourceGroups/armTemplates/providers/Microsoft.ManagedIdentity/userAssignedIdentities/mshCidasUmi01"          
        },
        "storageAccessTier": {
            "value": "Hot"
        },
        "storageAccountKind":{
            "value": "StorageV2"
        },
        "storageAccountName": {
            "value": "mshcidasau02logs"
        },
        "storageAccountReplication":{
            "value": "Standard_LRS"
        },
        "storageAccountTier": {
            "value": "Standard"
        },
        "storageAdvancedThreatProtectionEnabled": {
            "value": true
        },
        "storageContainerName":{
            "value": "logs"
        },
        "vmAdminUsername": {
            "value": "mshCidasAu02-admin"
        },
        "vmAdminPassword": {
            "reference": {
                "keyVault": {
                    "id": "/subscriptions/db3e6bf2-9073-4d91-b5ea-62d03c109152/resourceGroups/management-auea/providers/Microsoft.KeyVault/vaults/mshcidaskv01"
                },
                "secretName": "mshcidasau02vmpassword"
            }
        },
        "vmName": {
            "value": "mshcidas-au02"
        },
        "vmWindowsOsVersion": {
            "value": "2019-Datacenter"
        },
        "vmSize": {
            "value": "Standard_D2_v3"
        },
        "vmTags": {
            "value":{
                "costCenterCode": "2110214",
                "criticality": "Low",
                "resOwner": "Craig Dempsey",
                "resOwnerDepartment": "MSH Architecture & Security",
                "resOwnerEmail": "craig.dempsey@health.qld.gov.au",
                "resOwnerPhone": "0731769082",
                "resOwnerPosition": "Senior Technical Architect",
                "system": "CIDAS Testing",
                "deploymentMethod": "ARM Template"
            }
        }
    }
}
