{
    "$schema": "https://schema.management.azure.com/schemas/2019-08-01/managementGroupDeploymentTemplate.json#",
    "contentVersion": "1.0.0.0",

    "parameters": {},
    "functions": [],
    "variables": {
        "policyName": "auditRdpSshRestriction",
        "policyDisplayName": "Ensure RDP and SSH are restricted from internet..",
        "policyDescription": "This policy is used to audit if RDP and SSH are being blocked form the internet on the NSG's."
    },
    "resources": [
        {
            "type": "Microsoft.Authorization/policyDefinitions",
            "name": "[variables('policyName')]",
            "apiVersion": "2019-09-01",
            "properties": {
                "displayName": "[variables('policyDisplayName')]",
                "policyType": "Custom",
                "description": "[variables('policyDescription')]",
                "mode": "All",
                "metadata": {
                    "version": "1.0.0.",
                    "category": "Network",
                    "msh-standard":"6.1.1, 6.1.2",
                    "author":"Craig Dempsey"
                },
                "parameters": {
                    "effect": {
                        "type": "string",
                        "defaultValue": "Audit",
                        "allowedValues": [
                            "Audit",
                            "Disabled"
                        ],
                        "metadata": {
                            "displayName": "Effect",
                            "description": "Enable or disable the execution of the policy"
                        }
                    }
                },
                "policyRule": {
                                "if": {
                                "allOf": [
                                    {
                                    "field": "type",
                                    "equals": "Microsoft.Network/networkSecurityGroups/securityRules"
                                    },
                                    {
                                    "allOf": [
                                        {
                                        "field": "Microsoft.Network/networkSecurityGroups/securityRules/access",
                                        "equals": "Allow"
                                        },
                                        {
                                        "field": "Microsoft.Network/networkSecurityGroups/securityRules/direction",
                                        "equals": "Inbound"
                                        },
                                        {
                                        "anyOf": [
                                            {
                                            "field": "Microsoft.Network/networkSecurityGroups/securityRules/destinationPortRange",
                                            "in": [
                                                "3389",
                                                "22"
                                            ]
                                            },
                                            {
                                            "not": {
                                                "field": "Microsoft.Network/networkSecurityGroups/securityRules/destinationPortRanges[*]",
                                                "notIn": [
                                                "3389",
                                                "22"
                                                ]
                                            }
                                            }
                                        ]
                                        },
                                        {
                                        "anyOf": [
                                            {
                                            "field": "Microsoft.Network/networkSecurityGroups/securityRules/sourceAddressPrefix",
                                            "in": [
                                                "*",
                                                "Internet"
                                            ]
                                            },
                                            {
                                            "not": {
                                                "field": "Microsoft.Network/networkSecurityGroups/securityRules/sourceAddressPrefixes[*]",
                                                "notIn": [
                                                "*",
                                                "Internet"
                                                ]
                                            }
                                            }
                                        ]
                                        }
                                    ]
                                    }
                                ]
                                },
                                "then": {
                                "effect": "[[parameters('effect')]"
                                }

                }
            }
        }
    ],
    "outputs": {
        "deploymentTemplateBaseUri": {
            "type": "string",
            "value": "[split(deployment().properties.templatelink.uri,last(split(split(deployment().properties.templatelink.uri,'.json')[0],'/')))[0]]"
        },
        "deploymentTemplateSasToken": {
            "type": "string",
            "value": "[split(deployment().properties.templatelink.uri,'.json')[1]]"
        }
    }
}