{
    "$schema": "https://schema.management.azure.com/schemas/2015-01-01/deploymentParameters.json#",
    "contentVersion": "1.0.0.0",
    "parameters": {
        "storageAccountName": {
            "value": "mshcidasarmtemp01auea" 
        },
        "privateEndpointName":{
            "value": "mshcidasarmtemp01auea"
        },
        "storageContainerName":{
            "value": "logs-container"
        },
        "Tags":{
            "value":{
                "costCenterCode": "2110214",
                "criticality": "Low",
                "resOwner": "Craig Dempsey",
                "resOwnerDepartment": "MSH Architecture & Security",
                "resOwnerEmail": "craig.dempsey@health.qld.gov.au",
                "resOwnerPhone": "0731769082",
                "resOwnerPosition": "Senior Technical Architect"
            },
            "metadata": {
                "description": "The tags that will be assigned to the storage account and the private endpoint."
            }
        },
        "storageAccountKind":{
            "value": "StorageV2"
        },
        "storageAccountReplication":{
            "value": "Standard_LRS"
        },
        "storageAccountTier": {
            "value": "Standard"
        },
        "storageAccountSubscriptionID": {
            "value": "db3e6bf2-9073-4d91-b5ea-62d03c109152"
        },
        "advancedThreatProtectionEnabled": {
            "value": true
        },
        "identity": {
            "value": "/subscriptions/db3e6bf2-9073-4d91-b5ea-62d03c109152/resourceGroups/armTemplates/providers/Microsoft.ManagedIdentity/userAssignedIdentities/mshCidasUmi01"
        },
        "virtualNetworkName": {
            "value": "vnet-ite-cidas-auea01"
        },
        "subnetName": {
            "value": "endpoints-ite-cidas-auea01"
        },
        "virtualNetworkResourceGroupName": {
            "value": "zVnet-auea"
        },
        "virtualNetworkSubscriptionID":{
            "value": "db3e6bf2-9073-4d91-b5ea-62d03c109152"
        }
    }
}

