{
    "$schema": "https://schema.management.azure.com/schemas/2019-08-01/managementGroupDeploymentTemplate.json#",
    "contentVersion": "1.0.0.0",
    "parameters": {},
    "functions": [],
    "variables": {
        "policyName": "standardPricingTier",
        "policyDisplayName": "Ensure standard pricing tier is enabled in Security Center.",
        "policyDescription": "This policy is used to audit if the standard pricing tier is enabled in Security Center for each relevant resource type."
    },
    "resources": [
        {
            "type": "Microsoft.Authorization/policyDefinitions",
            "name": "[variables('policyName')]",
            "apiVersion": "2019-09-01",
            //"scope": "[concat('Management/managementGroups/','msh-ite-das-mgmt-grp')]",
            "properties": {
                "displayName": "[variables('policyDisplayName')]",
                "policyType": "Custom",
                "description": "[variables('policyDescription')]",
                "mode": "All",
                "metadata": {
                    "version": "1.0.0.",
                    "category": "Security Center",
                    "msh-standard":"2.1.1,2.1.2,2.1.3,2.1.4,2.2.3",
                    "author":"Craig Dempsey"
                },
                "parameters": {
                    "effect": {
                        "type": "string",
                        "defaultValue": "AuditIfNotExists",
                        "allowedValues": [
                            "AuditIfNotExists",
                            "Disabled"
                        ],
                        "metadata": {
                            "displayName": "Effect",
                            "description": "Enable or disable the execution of the policy"
                        }
                    }
                },
                "policyRule": {
                    "if": {
                        "field": "type",
                        "equals": "Microsoft.Security/pricings"
                    },
                    "then": {
                        "effect": "[[parameters('effect')]", //Use an additional left bracket here, so the function is not invoked in the ARM template itself: https://docs.microsoft.com/en-us/azure/azure-resource-manager/template-expressions#escape-characters 
                        "details": {
                            "type": "Microsoft.Security/pricings",
                            "existenceCondition": {
                                "allOf": [
                                    {
                                        "field":"Microsoft.Security/pricings/pricingTier",
                                        "equals": "Standard"
                                    }
                                ]
                            }
                        }
                    }
                }        
            }
        }
    ],
    "outputs": {

    }
}
