{
    "if": {
        "field": "type",
        "equals": "Microsoft.Security/pricings"
    },
    "then": {
        "effect": "[parameters('effect')]",
        "details": {
            "type": "Microsoft.Security/pricings",
            "existenceCondition": {
                "allOf": [
                    {
                        "field":"Microsoft.Security/pricings/pricingTier",
                        "equals": "Standard"
                    }
                ]
            }
        }
    }
} 