{
    "$schema": "https://schema.management.azure.com/schemas/2019-04-01/deploymentTemplate.json#",
    "contentVersion": "1.0.0.0",
    "parameters": {
        "diagParameters": {
            "type": "object"
        }
    },
    "functions": [],
    "variables": {

    },
    "resources": [
        {
            "type": "Microsoft.KeyVault/vaults/providers/diagnosticsettings",
            "name": "[concat(parameters('diagParameters').diagKeyVaultName, '/Microsoft.Insights/service')]",
            "apiVersion": "2016-09-01",
            "location": "[resourceGroup().location]",
            "properties":{
                "name": "AuditEvent",
                "workspaceID": "[parameters('diagParameters').diagLogAnalyticsWorkspaceId]",
                "logs": [
                    {
                        "category": "AuditEvent",
                        "enabled": true
                    }
                ]
            }    
        }
    ],
    "outputs": {}
}