{
    "$schema": "https://schema.management.azure.com/schemas/2019-04-01/deploymentTemplate.json#",
    "contentVersion": "1.0.0.0",
    "parameters": {
        "_artifactsLocation": {
            "type": "string"
        },
        "_artifactsLocationSasToken": {
            "type": "securestring"
        },
        "testParam": {
            "type": "object",
            "defaultValue": {
                "vNetName": "vNet01",
                "subnetName": "sub01",
                "storageSku": "Standard_LRS"
            },
            "metadata": {
                "vNetName": {
                    "description": "this is the vNet parameter."
                },
                "subnetName": {
                    "description": "this is the subnet parameter."
                }
            }
        }
    },
    "functions": [
    ],
    "variables": {
    },
    "resources": [
    ],
    "outputs": {
        "deploymentTemplateURI": {
            "type": "string",
            "value": "[parameters('_artifactsLocation')]"
        },
        "param1": {
            "type": "string",
            "value": "[parameters('testParam').vNetName]"
        },
        "param2": {
            "type": "string",
            "value": "[parameters('testParam').subnetName]"
        },
        "param3": {
            "type": "securestring",
            "value": "[parameters('testParam').secret]"
        }
    }
}