{
    "$schema": "https://schema.management.azure.com/schemas/2019-08-01/managementGroupDeploymentTemplate.json#",
    "contentVersion": "1.0.0.0",
    "parameters": {
        "_artifactsLocation": {
            "type": "string"
        },
        "_artifactsLocationSasToken": {
            "type": "securestring"
        },
        "mgid":{
            "type": "string"
        },
        "location":{
            "type": "string",
            "defaultValue": "australiaeast"
        }
    },
    "functions": [],
    "variables": {
        // Linked Templates // Great example of how to do this : https://github.com/andrewmatveychuk/azure.policy
        "linkedTemplates":{
            // Policy Defintions
            "standardPricingTier": "[concat(parameters('_artifactsLocation'),'/policies/security-center/standardPricingTier/azuredeploy.json', parameters('_artifactsLocationSasToken'))]",
            "autoProvisioningMonitoringAgent": "[concat(parameters('_artifactsLocation'),'/policies/security-center/autoProvisioningMonitoringAgent/azuredeploy.json', parameters('_artifactsLocationSasToken'))]",
            "auditRdpSshRestriction": "[concat(parameters('_artifactsLocation'),'/policies/network/auditRdpSshRestriction/azuredeploy.json', parameters('_artifactsLocationSasToken'))]",
            // Policy Initiatives
            "piMshOperationsAndSecurity": "[concat(parameters('_artifactsLocation'),'/initiatives/mshOperationsAndSecurityStandard/azuredeploy.json', parameters('_artifactsLocationSasToken'))]",
            // Policy Assignments
            "paMshOperationsAndSecurity": "[concat(parameters('_artifactsLocation'),'/assignments/mshOperationsAndSecurityStandard/azuredeploy.json', parameters('_artifactsLocationSasToken'))]",

        }
    },
    "resources": [
        // Policy Definitions
        {
            "type": "Microsoft.Resources/deployments",
            "apiVersion": "2020-06-01",
            "name": "child-pd-standardPricingTier",
            "location": "[parameters('location')]",
            "scope": "[concat('Microsoft.Management/managementGroups/',parameters('mgid'))]",
            "properties": {
                "mode": "Incremental",
                "templateLink": {
                    "uri": "[variables('linkedTemplates').standardPricingTier]",
                    "contentVersion": "1.0.0.0"
                }
            }
        },
        {
            "type": "Microsoft.Resources/deployments",
            "apiVersion": "2020-06-01",
            "name": "child-pd-auditRdpSshRestriction",
            "location": "[parameters('location')]",
            "scope": "[concat('Microsoft.Management/managementGroups/',parameters('mgid'))]",
            "properties": {
                "mode": "Incremental",
                "templateLink": {
                    "uri": "[variables('linkedTemplates').auditRdpSshRestriction]",
                    "contentVersion": "1.0.0.0"
                }
            }
        },
        {
            "type": "Microsoft.Resources/deployments",
            "apiVersion": "2020-06-01",
            "name": "child-pd-autoProvisioningMonitoringAgent",
            "location": "[parameters('location')]",
            "scope": "[concat('Microsoft.Management/managementGroups/',parameters('mgid'))]",
            "properties": {
                "mode": "Incremental",
                "templateLink": {
                    "uri": "[variables('linkedTemplates').autoProvisioningMonitoringAgent]",
                    "contentVersion": "1.0.0.0"
                }
            }
        },
        // Policy Initiatives
        {
            "type": "Microsoft.Resources/deployments",
            "apiVersion": "2020-06-01",
            "name": "child-pi-mshOperationsAndSecurityStandard",
            "location": "[parameters('location')]",
            "scope": "[concat('Microsoft.Management/managementGroups/',parameters('mgid'))]",
            "dependsOn": [
                "child-pd-standardPricingTier",
                "child-pd-auditRdpSshRestriction",
                "child-pd-autoProvisioningMonitoringAgent"
            ],
            "properties": {
                "mode": "Incremental",
                "templateLink": {
                    "uri": "[variables('linkedTemplates').piMshOperationsAndSecurity]",
                    "contentVersion": "1.0.0.0"
                }
            }
        },
        // Policy Assignment
        {
            "type": "Microsoft.Resources/deployments",
            "apiVersion": "2020-06-01",
            "name": "child-pa-mshOperationsAndSecurityStandard",
            "location": "[parameters('location')]",
            "scope": "[concat('Microsoft.Management/managementGroups/',parameters('mgid'))]",
            "dependsOn": [
                "child-pi-mshOperationsAndSecurityStandard"
            ],
            "properties": {
                "mode": "Incremental",
                "templateLink": {
                    "uri": "[variables('linkedTemplates').paMshOperationsAndSecurity]",
                    "contentVersion": "1.0.0.0"
                },
                "parametersLink": {
                    "uri": "[concat(parameters('_artifactsLocation'),'/assignments/mshOperationsAndSecurityStandard/azuredeploy.parameters.json', parameters('_artifactsLocationSasToken'))]",
                    "contentVersion": "1.0.0.0"
                }
            }
        }
 
    ],
    "outputs": {
    }
}