{
    "$schema": "https://schema.management.azure.com/schemas/2019-04-01/deploymentParameters.json#",
    "contentVersion": "1.0.0.0",
    "parameters": {
        "_artifactsLocation": {
            "value": ""
        },
        "_artifactsLocationSasToken": {
            "value": ""
        },

        "globalResourceGroup": {
            "value": "management-auea" 
        },
        "diagLogAnalyticsWorkspaceId": {
            "value": "/subscriptions/f56023f2-65a8-4d88-8841-b582babeedb2/resourcegroups/loganalytics/providers/microsoft.operationalinsights/workspaces/msh-ite-la-workspace"
        },
        "kvCertificatesPermissions": {
            "value": [
                "all"
            ]
        },
        "kvEnableSoftDelete": {
            "value": true
        },
        "kvEnableVaultForDeployment": {
            "value": false
        },
        "kvEnableVaultForDiskEncryption": {
            "value": false
        },
        "kvEnableVaultForTemplateDeployment": {
            "value": false
        },
        "kvKeyVaultName": {
            "value": "mshcidaskv01"
        },
        "kvObjectId": {
            "value": "5ab856a2-3a3f-46b2-bee1-25db68db396e" // mshhs-az-cidas-global-owners group
        },
        "kvKeysPermissions": {
            "value": [
                "all"
            ]
        },
        "kvSecretsPermissions": {
            "value": [
                "all"
            ]
        },
        "kvVaultSku": {
            "value": "Standard"
        },
        "kvTenantId": {
            "value": "0b65b008-95d7-4abc-bafc-3ffc20c039c0" // Tenant: Queensland Health
        },
        "kvTags": {
            "value": {
                "costCenterCode": "2110214",
                "criticality": "Low",
                "resOwner": "Craig Dempsey",
                "resOwnerDepartment": "MSH Architecture & Security",
                "resOwnerEmail": "craig.dempsey@health.qld.gov.au",
                "resOwnerPhone": "0731769082",
                "resOwnerPosition": "Senior Technical Architect",
                "system": "CIDAS Management",
                "deploymentMethod": "ARM Template"            
            }
        },
        "pvePrivateEndpointName": {
            "value": "mshcidaskv01-pve"
          },
        "pveSubnetId": {
            "value": "/subscriptions/db3e6bf2-9073-4d91-b5ea-62d03c109152/resourceGroups/zVnet-auea/providers/Microsoft.Network/virtualNetworks/vnet-ite-cidas-auea01/subnets/endpoints-ite-cidas-auea01"
        },
        "pveTargetSubResource": {
        "value": "vault"
        },
        "pveTags": {
            "value": {
                "costCenterCode": "2110214",
                "criticality": "Low",
                "resOwner": "Craig Dempsey",
                "resOwnerDepartment": "MSH Architecture & Security",
                "resOwnerEmail": "craig.dempsey@health.qld.gov.au",
                "resOwnerPhone": "0731769082",
                "resOwnerPosition": "Senior Technical Architect",
                "system": "CIDAS Management",
                "deploymentMethod": "ARM Template"            
            }
        }
    }
}