{
    "$schema": "https://schema.management.azure.com/schemas/2018-05-01/subscriptionDeploymentTemplate.json#",
    "contentVersion": "1.0.0.0",
    "variables": {
        "policySetName": "mshOperationsAndSecurityStandard",
        "policySetDisplayName": "MSH Azure Operations and Security Standard",
        "policySetDescription": "This policy enforces the MSH Azure Operations and Security Standard.",
        "mgid": "/providers/Microsoft.Management/managementGroups/msh-ite-das-mgmt-grp/providers/Microsoft.Authorization/policyDefinitions/"
    },
    "resources":[
        {
            "type": "Microsoft.Authorization/policySetDefinitions",
            "apiVersion": "2019-09-01",
            "name": "[variables('policySetName')]",
            "properties": {
                "displayName": "[variables('policySetDisplayName')]",
                "description": "[variables('policySetDescription')]",
                "policyType": "Custom",
                "metadata": {
                    "category": "MSH"
                },
                "policyDefinitions": [
                    {
                        "policyDefinitionId": "[concat(variables('mgid'),'standardPricingTier')]",
                        "parameters": {
                            "effect": {
                                "value":"AuditIfNotExists"
                            }
                        }
                    },
                    {
                        "policyDefinitionId": "[concat(variables('mgid'),'auditRdpSshRestriction')]",
                        "parameters": {
                            "effect": {
                                "value":"Audit"
                            }
                        }
                    }

                ]
            }
        }        
    ],
    "outputs": {
        
    }
}