{
  "$schema": "https://schema.management.azure.com/schemas/2019-04-01/deploymentTemplate.json#",
  "contentVersion": "1.0.0.0",
  "parameters": {
    "_artifactsLocation": {
      "type": "string",
      "metadata": {
        "description": "This is the Storage Account URI from the deployment harness script."
      }
    },
    "_artifactsLocationSasToken": {
      "type": "secureString",
      "metadata": {
        "description": "This is the SAS token for the Storage Account URI from the deployment harness script."
      }
    },
    "globalTags": {
      "type": "object",
      "metadata": {
        "description": "Tags that aren't resource specifc."
      },
      "defaultValue": {
        "costCenterCode": "2110214",
        "criticality": "Low",
        "resOwner": "Craig Dempsey",
        "resOwnerDepartment": "MSH Architecture & Security",
        "resOwnerEmail": "craig.dempsey@health.qld.gov.au",
        "resOwnerPhone": "0731769082",
        "resOwnerPosition": "Senior Technical Architect",
        "system": "CIDAS Management",
        "deploymentMethod": "ARM Template"
      }
    },
    "globalLocation": {
      "type": "string",
      "defaultValue": "[resourceGroup().location]"
    },
    "scrUserManagedIdentityId": {
      "type": "string",
      "metadata": {
        "description": "The User Managed ID used for the Script Deployment resource."
      },
      "defaultValue": "/subscriptions/db3e6bf2-9073-4d91-b5ea-62d03c109152/resourceGroups/armTemplates/providers/Microsoft.ManagedIdentity/userAssignedIdentities/mshCidasUmi01"
    },
    "storageAccountName": {
      "type": "string",
      "minLength": 3,
      "maxLength": 24,
      "metadata": {
        "description": "The name must be unique across all existing storage account names in Azure. It must be 3 to 24 characters long, and can contain only lowercase letters and numbers."
      },
      "defaultValue": "[concat('mshcidas', uniqueString(resourceGroup().id))]"
    },
    "storageAccessTier": {
      "type": "string",
      "metadata": {
        "description": "Required for storage accounts where kind = BlobStorage. The access tier used for billing. - Hot or Cool. https://docs.microsoft.com/en-us/azure/templates/microsoft.storage/2019-06-01/storageaccounts#storageaccountpropertiescreateparameters-object"
      },
      "defaultValue": "Hot",
      "allowedValues": [
        "Hot",
        "Cool"
      ]
    },
    "storageAccountKind": {
      "type": "string",
      "metadata": {
        "description": "Storage account type, for more info see 'https://docs.microsoft.com/en-us/azure/storage/common/storage-account-overview'."
      },
      "defaultValue": "StorageV2",
      "allowedValues": [
        "StorageV2",
        "Storage"
      ]
    },
    "storageAccountReplication": {
      "type": "string",
      "metadata": {
        "description": "Storage account SKU Name. https://docs.microsoft.com/en-us/azure/templates/microsoft.storage/2019-06-01/storageaccounts#sku-object"
      },
      "defaultValue": "Standard_LRS",
      "allowedValues": [
        "Standard_LRS",
        "Standard_GRS",
        "Standard_ZRS",
        "Premium_LRS"
      ]
    },
    "storageAdvancedThreatProtectionEnabled": {
      "type": "bool",
      "metadata": {
        "description": "Enable or disable Advanced Threat Protection."
      },
      "defaultValue": true
    },
    "storageAccountTier": {
      "type": "string",
      "defaultValue": "Standard",
      "allowedValues": [
        "Standard",
        "Premium"
      ]
    },
    "storageContainerName": {
      "type": "string",
      "metadata": {
        "description": "Specifies the name of the blob container."
      },
      "defaultValue": "logs"
    },
    "pvePrivateEndpointName": {
      "type": "string",
      "metadata": {
        "description": "The name of the Private Endpoint used for the resource."
      },
      "defaultValue": "[format('{0}-pve', parameters('storageAccountName'))]"
    },
    "pveSubnetId": {
      "type": "string",
      "metadata": {
        "description": "The Subnet Resource ID that the Private Endpoint will reside on."
      }
    },
    "pveTargetSubResource": {
      "type": "string",
      "metadata": {
        "description": "The ID(s) of the group(s) obtained from the remote resource that this private endpoint should connect to. - string"
      },
      "defaultValue": "blob",
      "allowedValues": [
        "blob",
        "table",
        "queue",
        "file",
        "web",
        "dfs"
      ]
    }
  },
  "functions": [],
  "resources": [
    {
      "type": "Microsoft.Resources/deployments",
      "apiVersion": "2019-10-01",
      "name": "storageAccount",
      "properties": {
        "expressionEvaluationOptions": {
          "scope": "inner"
        },
        "mode": "Incremental",
        "parameters": {
          "storageParameters": {
            "value": {
              "scrUserManagedIdentityId": "[parameters('scrUserManagedIdentityId')]",
              "storageArtifactsLocation": "[parameters('_artifactsLocation')]",
              "storageArtifactsLocationSasToken": "[parameters('_artifactsLocationSasToken')]",
              "storageAccessTier": "[parameters('storageAccessTier')]",
              "storageAccountKind": "[parameters('storageAccountKind')]",
              "storageAccountName": "[parameters('storageAccountName')]",
              "storageAccountReplication": "[parameters('storageAccountReplication')]",
              "storageAccountTier": "[parameters('storageAccountTier')]",
              "storageAdvancedThreatProtectionEnabled": "[parameters('storageAdvancedThreatProtectionEnabled')]",
              "storageContainerName": "[parameters('storageContainerName')]",
              "storageTags": "[parameters('globalTags')]"
            }
          }
        },
        "template": {
          "$schema": "https://schema.management.azure.com/schemas/2019-04-01/deploymentTemplate.json#",
          "contentVersion": "1.0.0.0",
          "parameters": {
            "storageParameters": {
              "type": "object"
            }
          },
          "functions": [],
          "variables": {
            "scriptName_var": "Set-Storage-Logging"
          },
          "resources": [
            {
              "type": "Microsoft.Storage/storageAccounts",
              "apiVersion": "2019-06-01",
              "name": "[parameters('storageParameters').storageAccountName]",
              "kind": "StorageV2",
              "location": "[resourceGroup().location]",
              "sku": {
                "name": "[parameters('storageParameters').storageAccountReplication]",
                "tier": "[parameters('storageParameters').storageAccountTier]"
              },
              "properties": {
                "largeFileSharesState": "Disabled",
                "accessTier": "[parameters('storageParameters').storageAccessTier]",
                "supportsHttpsTrafficOnly": true,
                "encryption": {
                  "services": {
                    "file": {
                      "keyType": "Account",
                      "enabled": true
                    },
                    "blob": {
                      "keyType": "Account",
                      "enabled": true
                    }
                  },
                  "keySource": "Microsoft.Storage"
                },
                "networkAcls": {
                  "defaultAction": "Deny",
                  "bypass": "AzureServices",
                  "ipRules": [
                    {
                      "value": "165.86.71.0/24",
                      "action": "Allow"
                    },
                    {
                      "value": "165.86.81.0/24",
                      "action": "Allow"
                    }
                  ]
                }
              }
            },
            {
              "type": "Microsoft.Storage/storageAccounts/providers/advancedThreatProtectionSettings",
              "apiVersion": "2019-01-01",
              "name": "[format('{0}/Microsoft.Security/current', parameters('storageParameters').storageAccountName)]",
              "properties": {
                "isEnabled": true
              },
              "dependsOn": [
                "[resourceId('Microsoft.Storage/storageAccounts', parameters('storageParameters').storageAccountName)]"
              ]
            },
            {
              "type": "Microsoft.Storage/storageAccounts/blobServices/containers",
              "apiVersion": "2020-08-01-preview",
              "name": "[format('{0}/default/{1}', parameters('storageParameters').storageAccountName, parameters('storageParameters').storageContainerName)]",
              "properties": {
                "publicAccess": "None"
              },
              "dependsOn": [
                "[resourceId('Microsoft.Storage/storageAccounts', parameters('storageParameters').storageAccountName)]"
              ]
            },
            {
              "type": "Microsoft.Storage/storageAccounts/blobServices/containers/immutabilityPolicies",
              "apiVersion": "2020-08-01-preview",
              "name": "[format('{0}/default/{1}/default', parameters('storageParameters').storageAccountName, parameters('storageParameters').storageContainerName)]",
              "properties": {
                "immutabilityPeriodSinceCreationInDays": 90
              },
              "dependsOn": [
                "[resourceId('Microsoft.Storage/storageAccounts', parameters('storageParameters').storageAccountName)]",
                "[resourceId('Microsoft.Storage/storageAccounts/blobServices/containers', split(format('{0}/default/{1}', parameters('storageParameters').storageAccountName, parameters('storageParameters').storageContainerName), '/')[0], split(format('{0}/default/{1}', parameters('storageParameters').storageAccountName, parameters('storageParameters').storageContainerName), '/')[1], split(format('{0}/default/{1}', parameters('storageParameters').storageAccountName, parameters('storageParameters').storageContainerName), '/')[2])]"
              ]
            },
            {
              "type": "Microsoft.Storage/storageAccounts/blobServices",
              "apiVersion": "2019-06-01",
              "name": "[format('{0}/default', parameters('storageParameters').storageAccountName)]",
              "properties": {
                "deleteRetentionPolicy": {
                  "enabled": true,
                  "days": 30
                }
              },
              "dependsOn": [
                "[resourceId('Microsoft.Storage/storageAccounts', parameters('storageParameters').storageAccountName)]"
              ]
            },
            {
              "type": "Microsoft.Storage/storageAccounts/fileServices",
              "apiVersion": "2019-06-01",
              "name": "[format('{0}/default', parameters('storageParameters').storageAccountName)]",
              "dependsOn": [
                "[resourceId('Microsoft.Storage/storageAccounts', parameters('storageParameters').storageAccountName)]"
              ]
            },
            {
              "type": "Microsoft.Resources/deploymentScripts",
              "apiVersion": "2019-10-01-preview",
              "name": "[variables('scriptName_var')]",
              "tags": "[parameters('storageParameters').storageTags]",
              "location": "[resourceGroup().location]",
              "kind": "AzurePowerShell",
              "identity": {
                "type": "UserAssigned",
                "userAssignedIdentities": {
                  "[parameters('storageParameters').scrUserManagedIdentityId]": {}
                }
              },
              "properties": {
                "azPowerShellVersion": "5.0",
                "primaryScriptUri": "[format('{0}/set-storage-logging.ps1{1}', parameters('storageParameters').storageArtifactsLocation, parameters('storageParameters').storageArtifactsLocationSasToken)]",
                "arguments": "[format('-ResourceGroupName {0} -StorageAccountName {1} -Subscriptionid {2}', resourceGroup().name, parameters('storageParameters').storageAccountName, subscription().subscriptionId)]",
                "timeout": "PT30M",
                "retentionInterval": "P1D",
                "cleanupPreference": "Always"
              },
              "dependsOn": [
                "[resourceId('Microsoft.Storage/storageAccounts', parameters('storageParameters').storageAccountName)]"
              ]
            }
          ],
          "outputs": {
            "outStorageAccountId": {
              "type": "string",
              "value": "[resourceId('Microsoft.Storage/storageAccounts', parameters('storageParameters').storageAccountName)]"
            },
            "outStorageAccountName": {
              "type": "string",
              "value": "[parameters('storageParameters').storageAccountName]"
            },
            "outUserIdentity": {
              "type": "string",
              "value": "[parameters('storageParameters').scrUserManagedIdentityId]"
            }
          }
        }
      }
    },
    {
      "type": "Microsoft.Resources/deployments",
      "apiVersion": "2019-10-01",
      "name": "storageAccountPrivateEndpoint",
      "properties": {
        "expressionEvaluationOptions": {
          "scope": "inner"
        },
        "mode": "Incremental",
        "parameters": {
          "pveParameters": {
            "value": {
              "pvePrivateEndpointName": "[parameters('pvePrivateEndpointName')]",
              "pveSubnetId": "[parameters('pveSubnetId')]",
              "pveStorageAccountName": "[parameters('storageAccountName')]",
              "pveTargetSubResource": "[parameters('pveTargetSubResource')]",
              "pveTags": "[parameters('globalTags')]"
            }
          }
        },
        "template": {
          "$schema": "https://schema.management.azure.com/schemas/2019-04-01/deploymentTemplate.json#",
          "contentVersion": "1.0.0.0",
          "parameters": {
            "pveParameters": {
              "type": "object"
            }
          },
          "functions": [],
          "resources": [
            {
              "type": "Microsoft.Network/privateEndpoints",
              "apiVersion": "2020-06-01",
              "name": "[parameters('pveParameters').pvePrivateEndpointName]",
              "location": "[resourceGroup().location]",
              "tags": "[parameters('pveParameters').pveTags]",
              "properties": {
                "subnet": {
                  "id": "[parameters('pveParameters').pveSubnetId]"
                },
                "privateLinkServiceConnections": [
                  {
                    "name": "[parameters('pveParameters').pvePrivateEndpointName]",
                    "properties": {
                      "privateLinkServiceId": "[resourceId('Microsoft.Storage/storageAccounts', parameters('pveParameters').pveStorageAccountName)]",
                      "groupIds": [
                        "[parameters('pveParameters').pveTargetSubResource]"
                      ]
                    }
                  }
                ]
              }
            }
          ],
          "outputs": {
            "outStorageAccountPrivateEndpointId": {
              "type": "string",
              "value": "[resourceId('Microsoft.Network/privateEndpoints', parameters('pveParameters').pvePrivateEndpointName)]"
            }
          }
        }
      },
      "dependsOn": [
        "[extensionResourceId(resourceGroup().id, 'Microsoft.Resources/deployments', 'storageAccount')]"
      ]
    }
  ],
  "outputs": {
    "outStorageAccountName": {
      "type": "string",
      "value": "[reference(extensionResourceId(resourceGroup().id, 'Microsoft.Resources/deployments', 'storageAccount'), '2019-10-01').outputs.outStorageAccountName.value]"
    },
    "outStorageAccountId": {
      "type": "string",
      "value": "[reference(extensionResourceId(resourceGroup().id, 'Microsoft.Resources/deployments', 'storageAccount'), '2019-10-01').outputs.outStorageAccountId.value]"
    },
    "outStorageAccountPrivateEndpointId": {
      "type": "string",
      "value": "[reference(extensionResourceId(resourceGroup().id, 'Microsoft.Resources/deployments', 'storageAccountPrivateEndpoint'), '2019-10-01').outputs.outStorageAccountPrivateEndpointId.value]"
    },
    "outUserIdentity": {
      "type": "string",
      "value": "[reference(extensionResourceId(resourceGroup().id, 'Microsoft.Resources/deployments', 'storageAccount'), '2019-10-01').outputs.outUserIdentity.value]"
    }
  }
}