{
    "$schema": "https://schema.management.azure.com/schemas/2019-04-01/deploymentTemplate.json#",
    "contentVersion": "1.0.0.0",
    "parameters": {
        "pveParameters": {
            "type": "object"
        }
    },
    "functions": [
    ],
    "variables": {
    },
    "resources": [
        
        {
            "type": "Microsoft.Network/privateEndpoints",
            "apiVersion": "2020-05-01",
            "name": "[parameters('pveParameters').pvePrivateEndpointName]",
            "tags": "[parameters('pveParameters').globalTags]",
            "location": "[resourceGroup().location]",
            "properties": {
                "subnet": {
                    //"id": "[resourceid(subscription().id,parameters('pveParameters').pveResourceGroup,'Microsoft.Network/virtualNetworks/subnets', parameters('pveParameters').pveVirtualNetworkName ,parameters('pveParameters').pveSubnetName)]"
                    //"id": "/subscriptions/db3e6bf2-9073-4d91-b5ea-62d03c109152/resourceGroups/zVnet-auea/providers/Microsoft.Network/virtualNetworks/vnet-ite-cidas-auea01/subnets/endpoints-ite-cidas-auea01"
                    "id": "[parameters('pveParameters').pveSubnetId]"
                },
                "privateLinkServiceConnections": [
                    {
                        "name": "[parameters('pveParameters').pvePrivateEndpointName]",
                        "properties": {
                            //"privateLinkServiceId": "[variables('privateLinkServiceId')]",
                            //"privateLinkServiceId": "[resourceid(subscription().id,parameters('pveParameters').pveResourceGroup,'Microsoft.Storage/storageAccounts',parameters('pveParameters').storageAccountName)]",
                            "privateLinkServiceId": "[resourceId('Microsoft.Web/sites', parameters('pveParameters').pveWebName)]",
                            //"privateLinkServiceId": "/subscriptions/db3e6bf2-9073-4d91-b5ea-62d03c109152/resourceGroups/armTemplates/providers/Microsoft.Storage/storageAccounts/mshcidasarmtemp01auea",
                            "groupIds": [
                                "[parameters('pveParameters').pveTargetSubResource]"
                            ]
                        }
                    }
                ]
            }
        }
    ],
    "outputs": {
        "privateEndpointId": {
            "type": "string",
            "value": "[resourceId('Microsoft.Network/privateEndpoints/', parameters('pveParameters').pvePrivateEndpointName)]"
        }
    }
}