{
    "$schema": "https://schema.management.azure.com/schemas/2019-04-01/deploymentParameters.json#",
    "contentVersion": "1.0.0.0",
    "parameters": {
        "_artifactsLocation": {
            "value": ""
        },
        "_artifactsLocationSasToken": {
            "value": ""
        },

        "globalResourceGroup": {
            "value": "cd01" 
        },
        "globalTags": {
            "value": {
                "costCenterCode": "2110214",
                "criticality": "Low",
                "resOwner": "Craig Dempsey",
                "resOwnerDepartment": "MSH Architecture & Security",
                "resOwnerEmail": "craig.dempsey@health.qld.gov.au",
                "resOwnerPhone": "0731769082",
                "resOwnerPosition": "Senior Technical Architect",
                "system": "CIDAS Management",
                "deploymentMethod": "ARM Template"            
            }
        },
        "aspName": {
            "value": "nuserRosteringTest"
        },
        "aspLocation": {
            "value": "Australia East"
        },
        "aspSku": {
            "value": "PremiumV2"
        },
        "aspSkuCode": {
            "value": "P1v2"
        },
        "aspWorkerSize": {
            "value": 3 // TODO: Fill in parameter value
        },
        "aspWorkerSizeId": {
            "value": 3 // TODO: Fill in parameter value
        },
        "aspNumberOfWorkers": {
            "value": 1 // TODO: Fill in parameter value
        }
    }
}