{
    "$schema": "https://schema.management.azure.com/schemas/2019-04-01/deploymentTemplate.json#",
    "contentVersion": "1.0.0.0",
    "parameters": {
        "_artifactsLocation": {
            "type": "string"
        },
        "_artifactsLocationSasToken": {
            "type": "securestring"
        },
        "aspName": {
            "type": "string",
            "metadata": {
                "description": "The name of the App Service Plan."
            }
        },
        "aspLocation": {
            "type": "string",
            "defaultValue": "[resourceGroup().location]", // ITE Log Analytics Workspace.
            "metadata": {
                "description": "The Location the App Service Plan will be deployed."
            }
        },
        "aspSku": {
            "type": "string",
            "allowedValues": [
                "PremiumV2",
                "Standard"
            ],
            "defaultValue": "PremiumV2",
            "metadata": {
                "description": "Service tier of the resource SKU. https://docs.microsoft.com/en-us/azure/templates/microsoft.web/2020-06-01/serverfarms#skudescription-object"
            }
        },
        "aspSkuCode": {
            "type": "string",
            "allowedValues": [
                "P1v2",
                "P2v2",
                "P3v2",
                "S1",
                "S2",
                "S3",
                "B1",
                "B2",
                "B3"
            ],
            "defaultValue": "P1v2",
            "metadata": {
                "description": "Name of the resource SKU for the App Service Plan. https://docs.microsoft.com/en-us/azure/templates/microsoft.web/2020-06-01/serverfarms#skudescription-object"
            }
        },

        "aspWorkerSize": {
            "type": "int",

            "metadata": {
                "description": "Property to specify whether the 'soft delete' functionality is enabled for this key vault. If it's not set to any value(true or false) when creating new key vault, it will be set to true by default. Once set to true, it cannot be reverted to false."
            }
        },
        "aspWorkerSizeId": {
            "type": "int",

            "metadata": {
                "description": "Scaling worker size ID."
            }
        },
        "aspNumberOfWorkers": {
            "type": "int",
            "metadata": {
                "description": "Specifies whether Azure Disk Encryption is permitted to retrieve secrets from the vault and unwrap keys."
            }
        },
        "kvEnableVaultForTemplateDeployment": {
            "type": "bool",
            "defaultValue": false,
            "allowedValues": [
                true,
                false
            ],
            "metadata": {
                "description": "Specifies whether Azure Resource Manager is permitted to retrieve secrets from the key vault."
            }            
        },
        "kvKeyVaultName": {
            "type": "string",
            "metadata": {
                "description": "The name of the keyVault that will be deployed."
            }
        },
        "kvObjectId": {
            "type": "string",
            "metadata": {
                "description": "Specifies the object ID of a user, service principal or security group in the Azure Active Directory tenant for the vault. The object ID must be unique for the list of access policies. Get it by using Get-AzADUser or Get-AzADServicePrincipal cmdlets."
            }
        },
        "kvKeysPermissions": {
            "type": "array",
            "defaultValue": [
                "all"
            ],
            "metadata": {
                "description": "Specifies the permissions to keys in the vault. Valid values are: all, encrypt, decrypt, wrapKey, unwrapKey, sign, verify, get, list, create, update, import, delete, backup, restore, recover, and purge."
            }
        },
        "kvSecretsPermissions": {
            "type": "array",
            "defaultValue": [
                "all"
            ],
            "metadata": {
                "description": "Specifies the permissions to secrets in the vault. Valid values are: all, get, list, set, delete, backup, restore, recover, and purge."
            }
        },
        "kvVaultSku": {
            "type": "string",
            "defaultValue": "Standard",
            "allowedValues": [
                "Standard",
                "Premium"
            ],
            "metadata": {
                "description": "Specifies the SKU for the key vault"
            }
        },
        "kvTenantId": {
            "type": "string",
            "defaultValue": "[subscription().tenantId]",
            "metadata": {
                "description": "Specifies the Azure Active Directory tenant ID that should be used for authenticating requests to the key vault. Get it by using Get-AzSubscription cmdlet."
            }
        },
        "kvTags": {
            "type": "object",
            "metadata": {
                "description": "Tags for the keyVault."
            }
        },
        "pvePrivateEndpointName": {
            "type": "string",
            "metadata": {
                "description": "The name of the Private Endpoint used for the Storage Account."
            }
        },
        "pveSubnetId": {
            "type": "string",
            "metadata": {
                "description": "The Subnet Resource ID."
            }
        },
        "pveTags": {
            "type": "object",
            "metadata": {
                "description": "Tags for the keyVault."
            }
        },
        "pveTargetSubResource": {
            "type": "string",
            "allowedValues": [ 
                "blob",
                "table",
                "queue",
                "file",
                "web",
                "dfs",
                "vault"
            ],
            "defaultValue": "blob",
            "metadata": {
                "description": "The ID(s) of the group(s) obtained from the remote resource that this private endpoint should connect to. - string"
            }
        }
    },
    "functions": [
    ],
    "variables":{
    },
    "resources": [
        {
            "type": "Microsoft.Resources/deployments",
            "apiVersion": "2020-06-01",
            "name": "child-keyvault",
            "resourceGroup": "[parameters('globalResourceGroup')]",
            "properties": {
                "mode": "Incremental",
                "templateLink": {
                    "uri": "[concat(parameters('_artifactsLocation'), '/keyVault/azuredeploy.json', parameters('_artifactsLocationSasToken'))]",
                    "contentVersion": "1.0.0.0"
                },
                "parameters": {
                    "kvParameters": {
                        "value": {
                            "kvCertificatesPermissions": "[parameters('kvCertificatesPermissions')]",
                            "kvEnableSoftDelete": "[parameters('kvEnableSoftDelete')]",
                            "kvEnableVaultForDeployment": "[parameters('kvEnableVaultForDeployment')]",
                            "kvEnableVaultForDiskEncryption": "[parameters('kvEnableVaultForDiskEncryption')]",
                            "kvEnableVaultForTemplateDeployment": "[parameters('kvEnableVaultForTemplateDeployment')]", 
                            "kvKeyVaultName": "[parameters('kvKeyVaultName')]", 
                            "kvObjectId": "[parameters('kvObjectId')]", 
                            "kvKeysPermissions": "[parameters('kvKeysPermissions')]",
                            "kvSecretsPermissions": "[parameters('kvSecretsPermissions')]",
                            "kvVaultSku": "[parameters('kvVaultSku')]", 
                            "kvTenantId": "[parameters('kvTenantId')]", 
                            "kvTags": "[parameters('kvTags')]"
                        }
                    }
                }
            }
        },
        {
            "type": "Microsoft.Resources/deployments",
            "apiVersion": "2020-06-01",
            "name": "child-privateEndpoint",
            "resourceGroup": "[parameters('globalResourceGroup')]",
            "dependsOn":[
                "child-keyvault"
            ],
            "properties": {
                "mode": "Incremental",
                "templateLink": {
                    "uri": "[concat(parameters('_artifactsLocation'), '/privateEndpoint/azuredeploy.json', parameters('_artifactsLocationSasToken'))]",
                    "contentVersion": "1.0.0.0"
                },
                "parameters":{
                    "pveParameters": {
                        "value":{
                            "pveKeyVaultId": "[reference('child-keyvault').outputs.kvId.value]",
                            "pveKeyVaultName": "[parameters('kvKeyVaultName')]",
                            "pvePrivateEndpointName": "[parameters('pvePrivateEndpointName')]",
                            "pveResourceGroup": "[parameters('globalResourceGroup')]",
                            "pveSubnetId": "[parameters('pveSubnetId')]",
                            "pveTags": "[parameters('pveTags')]",
                            "pveTargetSubResource": "[parameters('pveTargetSubResource')]"
                        }
                    }
                }
            }
        },
        {
            "type": "Microsoft.Resources/deployments",
            "apiVersion": "2020-06-01",
            "name": "child-diagnosticSettingsforKeyVault",
            "resourceGroup": "[parameters('globalResourceGroup')]",
            "dependsOn":[
                "child-keyvault"
            ],
            "properties": {
                "mode": "Incremental",
                "templateLink": {
                    "uri": "[concat(parameters('_artifactsLocation'), '/diagnosticSettings/azuredeploy.json', parameters('_artifactsLocationSasToken'))]",
                    "contentVersion": "1.0.0.0"
                },
                "parameters": {
                    "diagParameters": {
                        "value":{
                            "diagKeyVaultName": "[parameters('kvKeyVaultName')]",
                            "diagLogAnalyticsWorkspaceId": "[parameters('diagLogAnalyticsWorkspaceId')]"
                        }
                    }
                }
            }
        }
    ],
    "outputs": {
        "kvId": {
            "type": "string",
            "value": "[reference('child-keyvault').outputs.kvId.value]"
        }
    }
}