{
    "$schema": "https://schema.management.azure.com/schemas/2019-04-01/deploymentTemplate.json#",
    "contentVersion": "1.0.0.0",
    "parameters": {
        "storageParameters": {
            "type": "object"
        }
    },
    "variables": {
    },
    "resources": [
        {
            "type": "Microsoft.Storage/storageAccounts",
            "apiVersion": "2019-06-01",
            "name": "[parameters('storageParameters').storageAccountName]",
            "location": "[resourceGroup().location]",
            "tags": "[parameters('storageParameters').storageTags]",
            "sku": {
                "name": "[parameters('storageParameters').storageAccountReplication]",
                "tier": "[parameters('storageParameters').storageAccountTier]"
            },
            "kind": "[parameters('storageParameters').storageAccountKind]",
            "properties": {
                "largeFileSharesState": "Disabled",
                "accessTier": "[parameters('storageParameters').storageAccessTier]",
                "networkAcls": {
                    "bypass": "AzureServices",
                    "virtualNetworkRules": [
                    ],
                    "ipRules": [
                        {
                            "value": "165.86.71.0/24",
                            "action": "Allow"
                        },
                        {
                            "value": "165.86.81.0/24",
                            "action": "Allow"
                        }
                    ],
                    "defaultAction": "Deny"
                },
                "supportsHttpsTrafficOnly": true,
                "encryption": {
                    "services": {
                        "file": {
                            "keyType": "Account",
                            "enabled": true
                        },
                        "blob": {
                            "keyType": "Account",
                            "enabled": true
                        }
                    },
                    "keySource": "Microsoft.Storage"
                }
            },
            "resources": [
                {
                    "condition": "[parameters('storageParameters').storageAdvancedThreatProtectionEnabled]",
                    "type": "providers/advancedThreatProtectionSettings",
                    "name": "Microsoft.Security/current",
                    "apiVersion": "2019-01-01",
                    "dependsOn": [
                        "[resourceId('Microsoft.Storage/storageAccounts/', parameters('storageParameters').storageAccountName)]"
                    ],
                    "properties": {
                        "isEnabled": true
                    }
                },
                {
                    "name": "[concat('default/', parameters('storageParameters').storageContainerName)]",
                    "type": "blobServices/containers",
                    "apiVersion": "2018-07-01",
                    "dependsOn": [
                        "[parameters('storageParameters').storageAccountName]"
                    ],
                    "properties": {
                        "publicAccess": "None"
                    },
                    "resources": [
                        {
                            "name": "default",
                            "type": "immutabilityPolicies",
                            "dependsOn": [
                                "[parameters('storageParameters').storageContainerName]"
                            ],
                            "apiVersion": "2018-07-01",
                            "properties": {
                                "immutabilityPeriodSinceCreationInDays": 90
                            }
                        }
                    ]
                }
            ]
        },
        {
            "type": "Microsoft.Storage/storageAccounts/blobServices",
            "apiVersion": "2019-06-01",
            "name": "[concat(parameters('storageParameters').storageAccountName, '/default')]",
            "dependsOn": [
                "[resourceId('Microsoft.Storage/storageAccounts', parameters('storageParameters').storageAccountName)]"
            ],
            "sku": {
                "name": "Standard_LRS",
                "tier": "Standard"
            },
            "properties": {
                "cors": {
                    "corsRules": [
                    ]
                },
                "deleteRetentionPolicy": {
                    "enabled": true,
                    "days": 30
                }
            }
        },
        {
            "type": "Microsoft.Storage/storageAccounts/fileServices",
            "apiVersion": "2019-06-01",
            "name": "[concat(parameters('storageParameters').storageAccountName, '/default')]",
            "dependsOn": [
                "[resourceId('Microsoft.Storage/storageAccounts', parameters('storageParameters').storageAccountName)]"
            ],
            "sku": {
                "name": "Standard_LRS",
                "tier": "Standard"
            },
            "properties": {
                "cors": {
                    "corsRules": [
                    ]
                }
            }
        }
    ], 
    "outputs": {
        "StorageAccountName": {
            "type": "string",
            "value": "[resourceId('Microsoft.Storage/storageAccounts/', parameters('storageParameters').storageAccountName)]"
        },
        "deploymentUriBase:": {
            "type": "string",
            "value": "[split(deployment().properties.templatelink.uri,last(split(split(deployment().properties.templatelink.uri,'.json')[0],'/')))[0]]"
        }

    } 

}
