{
    "$schema": "https://schema.management.azure.com/schemas/2019-04-01/deploymentParameters.json#",
    "contentVersion": "1.0.0.0",
    "parameters": {
        "policyAssignmentName": {
            "value": "paMshOpSecStandard"
        },
        "mgid": {
            "value": "msh-ite-das-mgmt-grp" 
        },
        "policyAssignmentMode": {
            "value": "" 
        },
        "policyInitiativeDefintionName": {
            "value": "mshOperationsAndSecurityStandard" 
        },
        "policyInitiativeDescription": {
            "value": "This policy enforces the MSH Azure Operations and Security Standard."
        },
        "policyInitiativeParameters": {
            "value": {

            }
        }
    }
}