{
    "$schema": "https://schema.management.azure.com/schemas/2019-08-01/managementGroupDeploymentTemplate.json#",
    "contentVersion": "1.0.0.0",
    "parameters": {
        "policyAssignmentName": {
            "type": "string"
        },
        "mgid": {
            "type": "string"
        },
        "policyAssignmentMode": {
            "type": "string"
        },
        "policyInitiativeDefintionName": {
            "type": "string"
        },
        "policyInitiativeDescription": {
            "type": "string"
        },
        "policyInitiativeParameters": {
            "type": "object"
        }
 
    },
    "functions": [],
    "variables": {
        "policyDefinitionId": "[concat('/providers/Microsoft.Management/managementGroups/',parameters('mgid'),'/providers/Microsoft.Authorization/policySetDefinitions/',parameters('policyInitiativeDefintionName'))]",
    },
    "resources": [
        {
            "type": "Microsoft.Authorization/policyAssignments",
            "name": "[parameters('policyAssignmentName')]",
            "apiVersion": "2019-09-01",
//            "identity": "SystemAssigned" don't think i'll need this until we start doing remediation.
            "location": "australiaeast",
            "properties": {
                "enforcementMode": "[parameters('policyAssignmentMode')]",
                "policyDefinitionId": "[variables('policyDefinitionId')]",
                "parameters": "[parameters('policyInitiativeParameters')]",
                "description":"[parameters('policyInitiativeDescription')]",
                "metadata": {
                    "category": "MSH",
                    "assignedBy": "Craig Dempsey"
                }


            }
        }  
    ],
    "outputs": {}
}