{
    "$schema": "https://schema.management.azure.com/schemas/2019-04-01/deploymentTemplate.json#",
    "contentVersion": "1.0.0.0",
    "parameters": {
        "resourceName": {
            "type": "string",
            "metadata": {
                "description": "msh-cidas-test01"
            }
        }
    },
    "resources": [
    {
        "type": "Microsoft.ManagedIdentity/userAssignedIdentities",
        "name": "[parameters('resourceName')]",
        "apiVersion": "2018-11-30",
        "location": "[resourceGroup().location]"
    }
    ],
    "outputs": {
        "identityName": {
            "type": "string",
            "value": "[parameters('resourceName')]"
        }
    }
}