{
    "$schema": "https://schema.management.azure.com/schemas/2019-04-01/deploymentTemplate.json#",
    "contentVersion": "1.0.0.0",
    "parameters": {
        "asgParameters": {
            "type": "object"
        }
    },
    "functions": [],
    "variables": {},
    "resources": [
        {
            "name": "[parameters('asgParameters').asgName]",
            "comments": "[parameters('asgParameters').asgComments]",
            "tags": "[parameters('asgParameters').asgTags]",
            "type": "Microsoft.Network/applicationSecurityGroups",
            "apiVersion": "2020-04-01",
            "location": "[resourceGroup().location]",
            "properties": {}
        }
    ],
    "outputs": {}
}