{
    "$schema": "https://schema.management.azure.com/schemas/2015-01-01/deploymentParameters.json#",
    "contentVersion": "1.0.0.0",
    "parameters": {
        "storageAccountKind":{
            "value": "StorageV2"
        },
        "storageAccountReplication":{
            "value": "Standard_LRS"
        },
        "storageAccountTier": {
            "value": "Standard"
        },
        "advancedThreatProtectionEnabled": {
            "value": true
        },
        "identity": {
            "value": "/subscriptions/db3e6bf2-9073-4d91-b5ea-62d03c109152/resourceGroups/cd01/providers/Microsoft.ManagedIdentity/userAssignedIdentities/msh-cidas-umi-test01"
        }
    }
}

