{
    "$schema": "https://schema.management.azure.com/schemas/2019-04-01/deploymentTemplate.json#",
    "contentVersion": "1.0.0.0",
    "parameters": {
        "storageAccountName": {
            "type": "string",
            "defaultValue": "[concat('mshcidas', uniqueString(resourceGroup().id))]",
            "minLength":3,
            "maxLength":24,
            "metadata": {
                "description": "The name must be unique across all existing storage account names in Azure. It must be 3 to 24 characters long, and can contain only lowercase letters and numbers."
            }
        },
        "location": {
            "type": "string",
            "defaultValue": "[resourceGroup().location]",
            "metadata": {
                "description": "Storage account location, default is same as resource group location."
            }
        },
        "storageAccountKind": {
            "type": "string",
            "defaultValue": "StorageV2",
            "allowedValues": [
                "StorageV2",
                "Storage"
            ],
            "metadata": {
                "description": "Storage account type, for more info see 'https://docs.microsoft.com/en-us/azure/storage/common/storage-account-overview'."
            }
        },
        "storageAccountReplication": {
            "type": "string",
            "defaultValue": "Standard_LRS",
            "allowedValues": [
                "Standard_LRS",
                "Standard_GRS",
                "Standard_ZRS",
                "Premium_LRS"
            ]
        },
        "storageAccountTier": {
            "type": "string",
            "defaultValue": "Standard",
            "allowedValues": [
                "Standard",
                "Premium"
            ]
        },
        "advancedThreatProtectionEnabled": {
            "type": "bool",
            "defaultValue": true,
            "metadata": {
                "description": "Enable or disable Advanced Threat Protection."
            }
        },
        "identity": {
            "type": "string"            
        }
    },
    "variables": {
        "scriptName": "Set-Storage-Logging"
    },
    "resources": [
        {
            "type": "Microsoft.Storage/storageAccounts",
            "apiVersion": "2019-06-01",
            "name": "[parameters('storageAccountName')]",
            "location": "[parameters('location')]",
            "sku": {
                "name": "[parameters('storageAccountReplication')]",
                "tier": "[parameters('storageAccountTier')]"
            },
            "kind": "[parameters('storageAccountKind')]",
            "properties": {
                "largeFileSharesState": "Disabled",
                "networkAcls": {
                    "bypass": "AzureServices",
                    "virtualNetworkRules": [],
                    "ipRules": [],
                    "defaultAction": "Deny"
                },
                "supportsHttpsTrafficOnly": true,
                "encryption": {
                    "services": {
                        "file": {
                            "keyType": "Account",
                            "enabled": true
                        },
                        "blob": {
                            "keyType": "Account",
                            "enabled": true
                        }
                    },
                    "keySource": "Microsoft.Storage"
                },
                "accessTier": "Hot"
            },
            "resources": [
            {
                "condition": "[parameters('advancedThreatProtectionEnabled')]",
                "type": "providers/advancedThreatProtectionSettings",
                "name": "Microsoft.Security/current",
                "apiVersion": "2019-01-01",
                "dependsOn": [
                    "[resourceId('Microsoft.Storage/storageAccounts/', parameters('storageAccountName'))]"
                ],
                "properties": {
                    "isEnabled": true
                }
            }
        ]
        },
        {
            "type": "Microsoft.Storage/storageAccounts/blobServices",
            "apiVersion": "2019-06-01",
            "name": "[concat(parameters('storageAccountName'), '/default')]",
            "dependsOn": [
                "[resourceId('Microsoft.Storage/storageAccounts', parameters('storageAccountName'))]"
            ],
            "sku": {
                "name": "Standard_LRS",
                "tier": "Standard"
            },
            "properties": {
                "cors": {
                    "corsRules": []
                },
                "deleteRetentionPolicy": {
                    "enabled": true,
                    "days": 30
                }
            }
        },
        {
            "type": "Microsoft.Storage/storageAccounts/fileServices",
            "apiVersion": "2019-06-01",
            "name": "[concat(parameters('storageAccountName'), '/default')]",
            "dependsOn": [
                "[resourceId('Microsoft.Storage/storageAccounts', parameters('storageAccountName'))]"
            ],
            "sku": {
                "name": "Standard_LRS",
                "tier": "Standard"
            },
            "properties": {
                "cors": {
                    "corsRules": []
                }
            }
        },
        {
            "type": "Microsoft.Resources/deploymentScripts",
            "name": "[variables('scriptName')]",
            "apiVersion": "2019-10-01-preview",
            "dependsOn": [
                "[resourceId('Microsoft.Storage/storageAccounts', parameters('storageAccountName'))]"
            ],
            "location": "[resourceGroup().location]",
            "kind": "AzurePowerShell",
            "identity": {
                "type": "UserAssigned",
                "userAssignedIdentities": {
                    "[parameters('identity')]": {}
                }
            },
            "properties":{
                "azPowerShellVersion": "2.7",
                "scriptContent": "
                    param(
                        $StorageAccountName,
                        $ResourceGroupName
                    )
                    Write-Host $StorageAccountName
                    Write-Host $ResourceGroupName
                    $StorageAccount = Get-AzStorageAccount -ResourceGroupName $ResourceGroupName -Name $StorageAccountName
                    $Key = (Get-AzStorageAccountKey -ResourceGroupName $ResourceGroupName -Name $StorageAccount.StorageAccountName)[0].Value
                    $Context = New-AzStorageContext -StorageAccountName $StorageAccount.StorageAccountName -StorageAccountKey $key
                    Set-AzStorageServiceLoggingProperty -Context $Context -ServiceType Blob -LoggingOperations All -RetentionDays 90 -Version '2.0' -Verbose
                    Set-AzStorageServiceLoggingProperty -Context $Context -ServiceType Queue -LoggingOperations All -RetentionDays 90 -Version '2.0' -Verbose
                    Set-AzStorageServiceLoggingProperty -Context $Context -ServiceType Table -LoggingOperations All -RetentionDays 90 -Verbose
                ",
                "arguments": 
                    "[concat('-resourceGroup ', resourceGroup().name, 
                    ' -storageAccountName ', parameters('storageAccountName'))]",
                "timeout": "PT30M",
                "retentionInterval": "P1D",
                "cleanupPreference": "OnSuccess" // option for "Always", "OnExpiration"
                // "forceUpdateTag": "[parameters("timestamp")]" // utcNow()
            }
        }
    ],
    "outputs": {
        "StorageAccountName": {
            "type": "string",
            "value": "[resourceId('Microsoft.Storage/storageAccounts/', parameters('storageAccountName'))]"
        }
    }
}
