{
    "$schema": "https://schema.management.azure.com/schemas/2019-04-01/deploymentTemplate.json#",
    "contentVersion": "1.0.0.0",
    "parameters": {
        "pveParameters": {
            "type": "object"
        }
    },
    "functions": [
    ],
    "variables": {
    },
    "resources": [        
        {
            "type": "Microsoft.Network/privateEndpoints",
            "apiVersion": "2020-05-01",
            "name": "[parameters('pveParameters').pvePrivateEndpointName]",
            "tags": "[parameters('pveParameters').pveTags]",
            "location": "[resourceGroup().location]",
            "properties": {
                "subnet": {
                    "id": "[parameters('pveParameters').pveSubnetId]"
                },
                "privateLinkServiceConnections": [
                    {
                        "name": "[parameters('pveParameters').pvePrivateEndpointName]",
                        "properties": {
                            "privateLinkServiceId": "[parameters('pveParameters').pveKeyVaultId]",
                            //"privateLinkServiceId": "[resourceId('Microsoft.Storage/storageAccounts/', parameters('pveParameters').pveStorageAccountName)]",
                            //"privateLinkServiceId": "[reference('Microsoft.KeyVault/vaults', parameters('pveParameters').pveKeyVaultName, '2019-09-01')]", //TODO: https://stackoverflow.com/questions/43482219/the-resource-is-not-defined-in-the-template
                            //"privateLinkServiceId": "[resourceId(subscription().subscriptionId,resourceGroup().name,'Microsoft.KeyVault/vaults', parameters('pveParameters').pveKeyVaultName,'2019-09-01')]",
                            // "privateLinkServiceId": "/subscriptions/db3e6bf2-9073-4d91-b5ea-62d03c109152/resourceGroups/management-auea/providers/Microsoft.KeyVault/vaults/mshcidaskv01",
                            "groupIds": [
                                "[parameters('pveParameters').pveTargetSubResource]"
                            ]
                        }
                    }
                ]
            }
        }
    ],
    "outputs": {
    }
}