{
    "$schema": "https://schema.management.azure.com/schemas/2015-01-01/deploymentParameters.json#",
    "contentVersion": "1.0.0.0",
    "parameters": {
        "storageAccountName": {
            "value": "mshcidasarmtemp01auea" 
        },
        "storageContainerName":{
            "value": "armtemplates"
        },
        "Tags":{
            "value":{
                "costCenterCode": "2110214",
                "criticality": "Low",
                "resOwner": "Craig Dempsey",
                "resOwnerDepartment": "MSH Architecture & Security",
                "resOwnerEmail": "craig.dempsey@health.qld.gov.au",
                "resOwnerPhone": "0731769082",
                "resOwnerPosition": "Senior Technical Architect",
                "system": "CIDAS Management",
                "deploymentMethod": "ARM Template"
            },
            "metadata": {
                "description": "The tags that will be assigned to the storage account and the private endpoint."
            }
        },
        "storageAccountKind":{
            "value": "StorageV2"
        },
        "storageAccountReplication":{
            "value": "Standard_LRS"
        },
        "storageAccountTier": {
            "value": "Standard"
        },
        "advancedThreatProtectionEnabled": {
            "value": true
        }     
    }
}

