{
    "$schema": "https://schema.management.azure.com/schemas/2019-04-01/deploymentTemplate.json#",
    "contentVersion": "1.0.0.0",
    "parameters": {
        "storageAccountName": {
            "type": "string",
            "defaultValue": "[concat('mshcidas', uniqueString(resourceGroup().id))]",
            "minLength": 3,
            "maxLength": 24,
            "metadata": {
                "description": "The name must be unique across all existing storage account names in Azure. It must be 3 to 24 characters long, and can contain only lowercase letters and numbers."
            }
        },
        "Tags": {
            "type": "object"
        },
        "location": {
            "type": "string",
            "defaultValue": "[resourceGroup().location]",
            "metadata": {
                "description": "Storage account location, default is same as resource group location."
            }
        },
        "storageAccountKind": {
            "type": "string",
            "defaultValue": "StorageV2",
            "allowedValues": [
                "StorageV2",
                "Storage"
            ],
            "metadata": {
                "description": "Storage account type, for more info see 'https://docs.microsoft.com/en-us/azure/storage/common/storage-account-overview'."
            }
        },
        "storageAccountReplication": {
            "type": "string",
            "defaultValue": "Standard_LRS",
            "allowedValues": [
                "Standard_LRS",
                "Standard_GRS",
                "Standard_ZRS",
                "Premium_LRS"
            ]
        },
        "storageAccountTier": {
            "type": "string",
            "defaultValue": "Standard",
            "allowedValues": [
                "Standard",
                "Premium"
            ]
        },
        "storageAccessTier": {
            "type": "string",
            "defaultValue": "Hot",
            "allowedValues": [
                "Hot",
                "Cool"
            ],
            "metadata": {
                "description": "Required for storage accounts where kind = BlobStorage. The access tier used for billing. - Hot or Cool"
            }
        },
        "advancedThreatProtectionEnabled": {
            "type": "bool",
            "defaultValue": true,
            "metadata": {
                "description": "Enable or disable Advanced Threat Protection."
            }
        },

        "storageContainerName": {
            "type": "string",
            "defaultValue": "logs",
            "metadata": {
                "description": "Specifies the name of the blob container."
            }
        }
    },
    "variables": {
    },
    "resources": [
        {
            "type": "Microsoft.Storage/storageAccounts",
            "apiVersion": "2019-06-01",
            "name": "[parameters('storageAccountName')]",
            "location": "[parameters('location')]",
            "tags": "[parameters('Tags')]",
            "sku": {
                "name": "[parameters('storageAccountReplication')]",
                "tier": "[parameters('storageAccountTier')]"
            },
            "kind": "[parameters('storageAccountKind')]",
            "properties": {
                "largeFileSharesState": "Disabled",
                "accessTier": "[parameters('storageAccessTier')]",
                "networkAcls": {
                    "bypass": "AzureServices",
                    "virtualNetworkRules": [
                    ],
                    "ipRules": [
                        {
                            "value": "165.86.71.0/24",
                            "action": "Allow"
                        },
                        {
                            "value": "165.86.81.0/24",
                            "action": "Allow"
                        }
                    ],
                    "defaultAction": "Deny"
                },
                "supportsHttpsTrafficOnly": true,
                "encryption": {
                    "services": {
                        "file": {
                            "keyType": "Account",
                            "enabled": true
                        },
                        "blob": {
                            "keyType": "Account",
                            "enabled": true
                        }
                    },
                    "keySource": "Microsoft.Storage"
                }
            },
            "resources": [
                {
                    "condition": "[parameters('advancedThreatProtectionEnabled')]",
                    "type": "providers/advancedThreatProtectionSettings",
                    "name": "Microsoft.Security/current",
                    "apiVersion": "2019-01-01",
                    "dependsOn": [
                        "[resourceId('Microsoft.Storage/storageAccounts/', parameters('storageAccountName'))]"
                    ],
                    "properties": {
                        "isEnabled": true
                    }
                },
                {
                    "name": "[concat('default/', parameters('storageContainerName'))]",
                    "type": "blobServices/containers",
                    "apiVersion": "2018-07-01",
                    "dependsOn": [
                        "[parameters('storageAccountName')]"
                    ],
                    "properties": {
                        "publicAccess": "None"
                    },
                    "resources": [
                        {
                            "name": "default",
                            "type": "immutabilityPolicies",
                            "dependsOn": [
                                "[parameters('storageContainerName')]"
                            ],
                            "apiVersion": "2018-07-01",
                            "properties": {
                                "immutabilityPeriodSinceCreationInDays": 90
                            }
                        }
                    ]
                }
            ]
        },
        {
            "type": "Microsoft.Storage/storageAccounts/blobServices",
            "apiVersion": "2019-06-01",
            "name": "[concat(parameters('storageAccountName'), '/default')]",
            "dependsOn": [
                "[resourceId('Microsoft.Storage/storageAccounts', parameters('storageAccountName'))]"
            ],
            "sku": {
                "name": "Standard_LRS",
                "tier": "Standard"
            },
            "properties": {
                "cors": {
                    "corsRules": [
                    ]
                },
                "deleteRetentionPolicy": {
                    "enabled": true,
                    "days": 30
                }
            }
        },
        {
            "type": "Microsoft.Storage/storageAccounts/fileServices",
            "apiVersion": "2019-06-01",
            "name": "[concat(parameters('storageAccountName'), '/default')]",
            "dependsOn": [
                "[resourceId('Microsoft.Storage/storageAccounts', parameters('storageAccountName'))]"
            ],
            "sku": {
                "name": "Standard_LRS",
                "tier": "Standard"
            },
            "properties": {
                "cors": {
                    "corsRules": [
                    ]
                }
            }
        }
    ], 
"outputs": {
    "StorageAccountName": {
        "type": "string",
        "value": "[resourceId('Microsoft.Storage/storageAccounts/', parameters('storageAccountName'))]"
    },
    "deploymentUri": {
        "type": "string",
        "value": "[deployment().properties.templatelink.uri]"
    },
    "deploymentUriBase:": {
        "type": "string",
        "value": "[split(deployment().properties.templatelink.uri,last(split(split(deployment().properties.templatelink.uri,'.json')[0],'/')))[0]]"
    },
    "deploymentUriSasToken": {
        "type": "string",
        "value": "[split(deployment().properties.templatelink.uri,'.json')[1]]" 
    }
} }
